<?xml version="1.0" encoding="UTF-8"?><rss version="2.0"
	xmlns:content="http://purl.org/rss/1.0/modules/content/"
	xmlns:dc="http://purl.org/dc/elements/1.1/"
	xmlns:atom="http://www.w3.org/2005/Atom"
	xmlns:sy="http://purl.org/rss/1.0/modules/syndication/"
	
	>
<channel>
	<title>
	Comments on: How to Burn Calories with Simple Home Exercises	</title>
	<atom:link href="/how-to-burn-calories-with-simple-home-exercises/feed/" rel="self" type="application/rss+xml" />
	<link>/how-to-burn-calories-with-simple-home-exercises/</link>
	<description>Reward Your Self.</description>
	<lastBuildDate>Mon, 28 Aug 2023 12:48:33 +0000</lastBuildDate>
	<sy:updatePeriod>
	hourly	</sy:updatePeriod>
	<sy:updateFrequency>
	1	</sy:updateFrequency>
	<generator>https://wordpress.org/?v=6.3</generator>
</channel>
</rss>
