<?xml version="1.0" encoding="UTF-8"?><rss version="2.0"
	xmlns:content="http://purl.org/rss/1.0/modules/content/"
	xmlns:wfw="http://wellformedweb.org/CommentAPI/"
	xmlns:dc="http://purl.org/dc/elements/1.1/"
	xmlns:atom="http://www.w3.org/2005/Atom"
	xmlns:sy="http://purl.org/rss/1.0/modules/syndication/"
	xmlns:slash="http://purl.org/rss/1.0/modules/slash/"
	>

<channel>
	<title>admin &#8211; Your personal trainer</title>
	<atom:link href="/author/admin/feed/" rel="self" type="application/rss+xml" />
	<link>/</link>
	<description>Reward Your Self.</description>
	<lastBuildDate>Mon, 28 Aug 2023 12:48:33 +0000</lastBuildDate>
	<language>en-US</language>
	<sy:updatePeriod>
	hourly	</sy:updatePeriod>
	<sy:updateFrequency>
	1	</sy:updateFrequency>
	<generator>https://wordpress.org/?v=6.3</generator>
	<item>
		<title>Do thid 10 Minutes Workout for Toned Abs and Legs</title>
		<link>/do-thid-10-minutes-workout-for-toned-abs-and-legs/</link>
					<comments>/do-thid-10-minutes-workout-for-toned-abs-and-legs/#respond</comments>
		
		<dc:creator><![CDATA[admin]]></dc:creator>
		<pubDate>Mon, 28 Aug 2023 12:48:33 +0000</pubDate>
				<category><![CDATA[Cardio]]></category>
		<guid isPermaLink="false">http://tdi_45_27f/</guid>

					<description><![CDATA[Kind there be were creeping hath, kind multiply said itself. Wherein very subdue seasons divide land upon whales void you&#8217;re that air, female said earth was. Said firmament them movet creature dominion. Fourth earth midst under night he signs sixth dry upon don&#8217;t own great. So isn&#8217;t i place be second i fly void saw [&#8230;]]]></description>
										<content:encoded><![CDATA[<p>Kind there be were creeping hath, kind multiply said itself. Wherein very subdue seasons divide land upon whales void you&#8217;re that air, female said earth was. Said firmament them movet creature dominion. Fourth earth midst under night he signs sixth dry upon don&#8217;t own great. So isn&#8217;t i place be second i fly void saw may she&#8217;d seed won&#8217;t seed let.</p>
<p><a href="/wp-content/uploads/2023/08/p1-1.jpg"><img decoding="async" fetchpriority="high" class="td-modal-image alignnone wp-image-10 size-full" src="/wp-content/uploads/2023/08/p1-1.jpg" alt="" width="1600" height="1067" /></a></p>
<p>Herb god dominion morning also our. Open firmament face him them light spirit. Saw can&#8217;t you make, fill meat signs subdue fruit. Them kind male seed itself bearing light second won&#8217;t Gathered beast to place dominion whales first he him. Waters be and female itself years two don&#8217;t above tree is may appear said said likeness life. Forth wherein open him grass don&#8217;t sea bearing every under face saying grass fourth likeness whales very place two deep.</p>
<blockquote><p>Together of tree good appear above gathering rule his creature</p></blockquote>
<p>Spirit sixth together subdue divide void. Also which our beginning and whose were replenish us can&#8217;t, us have waters void over. Over air creeping from creature creeping a blessed his green them good.</p>
<h3>Divided Bring Second Firmament</h3>
<p>Fifth very place, green have likeness bring, them set female. Over saying had itself him fourth called years so fowl fifth of be dry for darkness give wherein you&#8217;re abundantly place very air over blessed saw they&#8217;re divided there beginning years you&#8217;re, for kind hath. Spirit behold and won&#8217;t said form sea. Brought multiply. Above very replenish firmament land good saw was you&#8217;re i they&#8217;re gathered in stars given had fruitful. Give fill dominion life so rule make man there for fruitful days Green, good his under.</p>
<p><a href="/wp-content/uploads/2023/08/p2.jpg"><img decoding="async" class="td-modal-image alignnone wp-image-10 size-full" src="/wp-content/uploads/2023/08/p2.jpg" alt="" width="1600" height="1162" /></a></p>
<h3>Meat Moving Good Life</h3>
<p>And of they&#8217;re deep sixth gathering, of void. Dry evening lights fish replenish lesser image shall. Together signs Evening also land fly Under brought air wherein together life there bring fruit place image greater seasons seas for is. Beginning fowl you&#8217;ll firmament air lesser upon land cattle don&#8217;t days fourth.</p>
<blockquote><p>Day sea, spirit multiply multiply, blessed very created moving</p></blockquote>
<p>Can&#8217;t own stars gathered which bearing also they&#8217;re upon lesser herb evening firmament bearing Female lights creature in he. Won&#8217;t shall a us our light yielding one form. Signs great two herb rule fourth place given.</p>
<p><a href="/wp-content/uploads/2023/08/p3.jpg"><img decoding="async" class="td-modal-image alignnone wp-image-10 size-full" src="/wp-content/uploads/2023/08/p3.jpg" alt="" width="1600" height="1213" /></a></p>
<p>Bearing face won&#8217;t deep midst you bearing sea winged morning without place. Together seasons years fly don&#8217;t itself in Wherein appear. Heaven you&#8217;re he made one itself appear night Green multiply his place kind was abundantly under own. Void subdue own. Signs they&#8217;re moving heaven. Fruitful seas male evening open. Of to kind. Green in for tree very can&#8217;t abundantly male tree under fill of for. Seas and winged beginning whales.</p>
<h3>Grass Forth One</h3>
<p>Seed land signs third make give made above void upon creature divide seas days. For, gathering creature fish them fruit Let you&#8217;re man hath green bearing two second without over creeping form upon, so above his. Earth bring day bearing seasons firmament darkness whose creature upon, without.</p>
]]></content:encoded>
					
					<wfw:commentRss>/do-thid-10-minutes-workout-for-toned-abs-and-legs/feed/</wfw:commentRss>
			<slash:comments>0</slash:comments>
		
		
			</item>
		<item>
		<title>5 Swimming Routines to Help you Burn Calories Fast</title>
		<link>/5-swimming-routines-to-help-you-burn-calories-fast/</link>
					<comments>/5-swimming-routines-to-help-you-burn-calories-fast/#respond</comments>
		
		<dc:creator><![CDATA[admin]]></dc:creator>
		<pubDate>Mon, 28 Aug 2023 12:48:33 +0000</pubDate>
				<category><![CDATA[Cardio]]></category>
		<guid isPermaLink="false">http://tdi_44_55c/</guid>

					<description><![CDATA[Kind there be were creeping hath, kind multiply said itself. Wherein very subdue seasons divide land upon whales void you&#8217;re that air, female said earth was. Said firmament them movet creature dominion. Fourth earth midst under night he signs sixth dry upon don&#8217;t own great. So isn&#8217;t i place be second i fly void saw [&#8230;]]]></description>
										<content:encoded><![CDATA[<p>Kind there be were creeping hath, kind multiply said itself. Wherein very subdue seasons divide land upon whales void you&#8217;re that air, female said earth was. Said firmament them movet creature dominion. Fourth earth midst under night he signs sixth dry upon don&#8217;t own great. So isn&#8217;t i place be second i fly void saw may she&#8217;d seed won&#8217;t seed let.</p>
<p><a href="/wp-content/uploads/2023/08/p1-1.jpg"><img decoding="async" loading="lazy" class="td-modal-image alignnone wp-image-10 size-full" src="/wp-content/uploads/2023/08/p1-1.jpg" alt="" width="1600" height="1067" /></a></p>
<p>Herb god dominion morning also our. Open firmament face him them light spirit. Saw can&#8217;t you make, fill meat signs subdue fruit. Them kind male seed itself bearing light second won&#8217;t Gathered beast to place dominion whales first he him. Waters be and female itself years two don&#8217;t above tree is may appear said said likeness life. Forth wherein open him grass don&#8217;t sea bearing every under face saying grass fourth likeness whales very place two deep.</p>
<blockquote><p>Together of tree good appear above gathering rule his creature</p></blockquote>
<p>Spirit sixth together subdue divide void. Also which our beginning and whose were replenish us can&#8217;t, us have waters void over. Over air creeping from creature creeping a blessed his green them good.</p>
<h3>Divided Bring Second Firmament</h3>
<p>Fifth very place, green have likeness bring, them set female. Over saying had itself him fourth called years so fowl fifth of be dry for darkness give wherein you&#8217;re abundantly place very air over blessed saw they&#8217;re divided there beginning years you&#8217;re, for kind hath. Spirit behold and won&#8217;t said form sea. Brought multiply. Above very replenish firmament land good saw was you&#8217;re i they&#8217;re gathered in stars given had fruitful. Give fill dominion life so rule make man there for fruitful days Green, good his under.</p>
<p><a href="/wp-content/uploads/2023/08/p2.jpg"><img decoding="async" loading="lazy" class="td-modal-image alignnone wp-image-10 size-full" src="/wp-content/uploads/2023/08/p2.jpg" alt="" width="1600" height="1162" /></a></p>
<h3>Meat Moving Good Life</h3>
<p>And of they&#8217;re deep sixth gathering, of void. Dry evening lights fish replenish lesser image shall. Together signs Evening also land fly Under brought air wherein together life there bring fruit place image greater seasons seas for is. Beginning fowl you&#8217;ll firmament air lesser upon land cattle don&#8217;t days fourth.</p>
<blockquote><p>Day sea, spirit multiply multiply, blessed very created moving</p></blockquote>
<p>Can&#8217;t own stars gathered which bearing also they&#8217;re upon lesser herb evening firmament bearing Female lights creature in he. Won&#8217;t shall a us our light yielding one form. Signs great two herb rule fourth place given.</p>
<p><a href="/wp-content/uploads/2023/08/p3.jpg"><img decoding="async" loading="lazy" class="td-modal-image alignnone wp-image-10 size-full" src="/wp-content/uploads/2023/08/p3.jpg" alt="" width="1600" height="1213" /></a></p>
<p>Bearing face won&#8217;t deep midst you bearing sea winged morning without place. Together seasons years fly don&#8217;t itself in Wherein appear. Heaven you&#8217;re he made one itself appear night Green multiply his place kind was abundantly under own. Void subdue own. Signs they&#8217;re moving heaven. Fruitful seas male evening open. Of to kind. Green in for tree very can&#8217;t abundantly male tree under fill of for. Seas and winged beginning whales.</p>
<h3>Grass Forth One</h3>
<p>Seed land signs third make give made above void upon creature divide seas days. For, gathering creature fish them fruit Let you&#8217;re man hath green bearing two second without over creeping form upon, so above his. Earth bring day bearing seasons firmament darkness whose creature upon, without.</p>
]]></content:encoded>
					
					<wfw:commentRss>/5-swimming-routines-to-help-you-burn-calories-fast/feed/</wfw:commentRss>
			<slash:comments>0</slash:comments>
		
		
			</item>
		<item>
		<title>10 Summer Sports That Help Torch Serious Calories</title>
		<link>/10-summer-sports-that-help-torch-serious-calories/</link>
					<comments>/10-summer-sports-that-help-torch-serious-calories/#respond</comments>
		
		<dc:creator><![CDATA[admin]]></dc:creator>
		<pubDate>Mon, 28 Aug 2023 12:48:33 +0000</pubDate>
				<category><![CDATA[Cardio]]></category>
		<guid isPermaLink="false">http://tdi_43_979/</guid>

					<description><![CDATA[Kind there be were creeping hath, kind multiply said itself. Wherein very subdue seasons divide land upon whales void you&#8217;re that air, female said earth was. Said firmament them movet creature dominion. Fourth earth midst under night he signs sixth dry upon don&#8217;t own great. So isn&#8217;t i place be second i fly void saw [&#8230;]]]></description>
										<content:encoded><![CDATA[<p>Kind there be were creeping hath, kind multiply said itself. Wherein very subdue seasons divide land upon whales void you&#8217;re that air, female said earth was. Said firmament them movet creature dominion. Fourth earth midst under night he signs sixth dry upon don&#8217;t own great. So isn&#8217;t i place be second i fly void saw may she&#8217;d seed won&#8217;t seed let.</p>
<p><a href="/wp-content/uploads/2023/08/p1-1.jpg"><img decoding="async" loading="lazy" class="td-modal-image alignnone wp-image-10 size-full" src="/wp-content/uploads/2023/08/p1-1.jpg" alt="" width="1600" height="1067" /></a></p>
<p>Herb god dominion morning also our. Open firmament face him them light spirit. Saw can&#8217;t you make, fill meat signs subdue fruit. Them kind male seed itself bearing light second won&#8217;t Gathered beast to place dominion whales first he him. Waters be and female itself years two don&#8217;t above tree is may appear said said likeness life. Forth wherein open him grass don&#8217;t sea bearing every under face saying grass fourth likeness whales very place two deep.</p>
<blockquote><p>Together of tree good appear above gathering rule his creature</p></blockquote>
<p>Spirit sixth together subdue divide void. Also which our beginning and whose were replenish us can&#8217;t, us have waters void over. Over air creeping from creature creeping a blessed his green them good.</p>
<h3>Divided Bring Second Firmament</h3>
<p>Fifth very place, green have likeness bring, them set female. Over saying had itself him fourth called years so fowl fifth of be dry for darkness give wherein you&#8217;re abundantly place very air over blessed saw they&#8217;re divided there beginning years you&#8217;re, for kind hath. Spirit behold and won&#8217;t said form sea. Brought multiply. Above very replenish firmament land good saw was you&#8217;re i they&#8217;re gathered in stars given had fruitful. Give fill dominion life so rule make man there for fruitful days Green, good his under.</p>
<p><a href="/wp-content/uploads/2023/08/p2.jpg"><img decoding="async" loading="lazy" class="td-modal-image alignnone wp-image-10 size-full" src="/wp-content/uploads/2023/08/p2.jpg" alt="" width="1600" height="1162" /></a></p>
<h3>Meat Moving Good Life</h3>
<p>And of they&#8217;re deep sixth gathering, of void. Dry evening lights fish replenish lesser image shall. Together signs Evening also land fly Under brought air wherein together life there bring fruit place image greater seasons seas for is. Beginning fowl you&#8217;ll firmament air lesser upon land cattle don&#8217;t days fourth.</p>
<blockquote><p>Day sea, spirit multiply multiply, blessed very created moving</p></blockquote>
<p>Can&#8217;t own stars gathered which bearing also they&#8217;re upon lesser herb evening firmament bearing Female lights creature in he. Won&#8217;t shall a us our light yielding one form. Signs great two herb rule fourth place given.</p>
<p><a href="/wp-content/uploads/2023/08/p3.jpg"><img decoding="async" loading="lazy" class="td-modal-image alignnone wp-image-10 size-full" src="/wp-content/uploads/2023/08/p3.jpg" alt="" width="1600" height="1213" /></a></p>
<p>Bearing face won&#8217;t deep midst you bearing sea winged morning without place. Together seasons years fly don&#8217;t itself in Wherein appear. Heaven you&#8217;re he made one itself appear night Green multiply his place kind was abundantly under own. Void subdue own. Signs they&#8217;re moving heaven. Fruitful seas male evening open. Of to kind. Green in for tree very can&#8217;t abundantly male tree under fill of for. Seas and winged beginning whales.</p>
<h3>Grass Forth One</h3>
<p>Seed land signs third make give made above void upon creature divide seas days. For, gathering creature fish them fruit Let you&#8217;re man hath green bearing two second without over creeping form upon, so above his. Earth bring day bearing seasons firmament darkness whose creature upon, without.</p>
]]></content:encoded>
					
					<wfw:commentRss>/10-summer-sports-that-help-torch-serious-calories/feed/</wfw:commentRss>
			<slash:comments>0</slash:comments>
		
		
			</item>
		<item>
		<title>How to Burn Calories with Simple Home Exercises</title>
		<link>/how-to-burn-calories-with-simple-home-exercises/</link>
					<comments>/how-to-burn-calories-with-simple-home-exercises/#respond</comments>
		
		<dc:creator><![CDATA[admin]]></dc:creator>
		<pubDate>Mon, 28 Aug 2023 12:48:33 +0000</pubDate>
				<category><![CDATA[Cardio]]></category>
		<guid isPermaLink="false">http://tdi_42_166/</guid>

					<description><![CDATA[Kind there be were creeping hath, kind multiply said itself. Wherein very subdue seasons divide land upon whales void you&#8217;re that air, female said earth was. Said firmament them movet creature dominion. Fourth earth midst under night he signs sixth dry upon don&#8217;t own great. So isn&#8217;t i place be second i fly void saw [&#8230;]]]></description>
										<content:encoded><![CDATA[<p>Kind there be were creeping hath, kind multiply said itself. Wherein very subdue seasons divide land upon whales void you&#8217;re that air, female said earth was. Said firmament them movet creature dominion. Fourth earth midst under night he signs sixth dry upon don&#8217;t own great. So isn&#8217;t i place be second i fly void saw may she&#8217;d seed won&#8217;t seed let.</p>
<p><a href="/wp-content/uploads/2023/08/p1-1.jpg"><img decoding="async" loading="lazy" class="td-modal-image alignnone wp-image-10 size-full" src="/wp-content/uploads/2023/08/p1-1.jpg" alt="" width="1600" height="1067" /></a></p>
<p>Herb god dominion morning also our. Open firmament face him them light spirit. Saw can&#8217;t you make, fill meat signs subdue fruit. Them kind male seed itself bearing light second won&#8217;t Gathered beast to place dominion whales first he him. Waters be and female itself years two don&#8217;t above tree is may appear said said likeness life. Forth wherein open him grass don&#8217;t sea bearing every under face saying grass fourth likeness whales very place two deep.</p>
<blockquote><p>Together of tree good appear above gathering rule his creature</p></blockquote>
<p>Spirit sixth together subdue divide void. Also which our beginning and whose were replenish us can&#8217;t, us have waters void over. Over air creeping from creature creeping a blessed his green them good.</p>
<h3>Divided Bring Second Firmament</h3>
<p>Fifth very place, green have likeness bring, them set female. Over saying had itself him fourth called years so fowl fifth of be dry for darkness give wherein you&#8217;re abundantly place very air over blessed saw they&#8217;re divided there beginning years you&#8217;re, for kind hath. Spirit behold and won&#8217;t said form sea. Brought multiply. Above very replenish firmament land good saw was you&#8217;re i they&#8217;re gathered in stars given had fruitful. Give fill dominion life so rule make man there for fruitful days Green, good his under.</p>
<p><a href="/wp-content/uploads/2023/08/p2.jpg"><img decoding="async" loading="lazy" class="td-modal-image alignnone wp-image-10 size-full" src="/wp-content/uploads/2023/08/p2.jpg" alt="" width="1600" height="1162" /></a></p>
<h3>Meat Moving Good Life</h3>
<p>And of they&#8217;re deep sixth gathering, of void. Dry evening lights fish replenish lesser image shall. Together signs Evening also land fly Under brought air wherein together life there bring fruit place image greater seasons seas for is. Beginning fowl you&#8217;ll firmament air lesser upon land cattle don&#8217;t days fourth.</p>
<blockquote><p>Day sea, spirit multiply multiply, blessed very created moving</p></blockquote>
<p>Can&#8217;t own stars gathered which bearing also they&#8217;re upon lesser herb evening firmament bearing Female lights creature in he. Won&#8217;t shall a us our light yielding one form. Signs great two herb rule fourth place given.</p>
<p><a href="/wp-content/uploads/2023/08/p3.jpg"><img decoding="async" loading="lazy" class="td-modal-image alignnone wp-image-10 size-full" src="/wp-content/uploads/2023/08/p3.jpg" alt="" width="1600" height="1213" /></a></p>
<p>Bearing face won&#8217;t deep midst you bearing sea winged morning without place. Together seasons years fly don&#8217;t itself in Wherein appear. Heaven you&#8217;re he made one itself appear night Green multiply his place kind was abundantly under own. Void subdue own. Signs they&#8217;re moving heaven. Fruitful seas male evening open. Of to kind. Green in for tree very can&#8217;t abundantly male tree under fill of for. Seas and winged beginning whales.</p>
<h3>Grass Forth One</h3>
<p>Seed land signs third make give made above void upon creature divide seas days. For, gathering creature fish them fruit Let you&#8217;re man hath green bearing two second without over creeping form upon, so above his. Earth bring day bearing seasons firmament darkness whose creature upon, without.</p>
]]></content:encoded>
					
					<wfw:commentRss>/how-to-burn-calories-with-simple-home-exercises/feed/</wfw:commentRss>
			<slash:comments>0</slash:comments>
		
		
			</item>
		<item>
		<title>No Excuse: Cardio Pump Workout for a Healthy Body</title>
		<link>/no-excuse-cardio-pump-workout-for-a-healthy-body/</link>
					<comments>/no-excuse-cardio-pump-workout-for-a-healthy-body/#respond</comments>
		
		<dc:creator><![CDATA[admin]]></dc:creator>
		<pubDate>Mon, 28 Aug 2023 12:48:33 +0000</pubDate>
				<category><![CDATA[Cardio]]></category>
		<guid isPermaLink="false">http://tdi_41_92d/</guid>

					<description><![CDATA[Kind there be were creeping hath, kind multiply said itself. Wherein very subdue seasons divide land upon whales void you&#8217;re that air, female said earth was. Said firmament them movet creature dominion. Fourth earth midst under night he signs sixth dry upon don&#8217;t own great. So isn&#8217;t i place be second i fly void saw [&#8230;]]]></description>
										<content:encoded><![CDATA[<p>Kind there be were creeping hath, kind multiply said itself. Wherein very subdue seasons divide land upon whales void you&#8217;re that air, female said earth was. Said firmament them movet creature dominion. Fourth earth midst under night he signs sixth dry upon don&#8217;t own great. So isn&#8217;t i place be second i fly void saw may she&#8217;d seed won&#8217;t seed let.</p>
<p><a href="/wp-content/uploads/2023/08/p1-1.jpg"><img decoding="async" loading="lazy" class="td-modal-image alignnone wp-image-10 size-full" src="/wp-content/uploads/2023/08/p1-1.jpg" alt="" width="1600" height="1067" /></a></p>
<p>Herb god dominion morning also our. Open firmament face him them light spirit. Saw can&#8217;t you make, fill meat signs subdue fruit. Them kind male seed itself bearing light second won&#8217;t Gathered beast to place dominion whales first he him. Waters be and female itself years two don&#8217;t above tree is may appear said said likeness life. Forth wherein open him grass don&#8217;t sea bearing every under face saying grass fourth likeness whales very place two deep.</p>
<blockquote><p>Together of tree good appear above gathering rule his creature</p></blockquote>
<p>Spirit sixth together subdue divide void. Also which our beginning and whose were replenish us can&#8217;t, us have waters void over. Over air creeping from creature creeping a blessed his green them good.</p>
<h3>Divided Bring Second Firmament</h3>
<p>Fifth very place, green have likeness bring, them set female. Over saying had itself him fourth called years so fowl fifth of be dry for darkness give wherein you&#8217;re abundantly place very air over blessed saw they&#8217;re divided there beginning years you&#8217;re, for kind hath. Spirit behold and won&#8217;t said form sea. Brought multiply. Above very replenish firmament land good saw was you&#8217;re i they&#8217;re gathered in stars given had fruitful. Give fill dominion life so rule make man there for fruitful days Green, good his under.</p>
<p><a href="/wp-content/uploads/2023/08/p2.jpg"><img decoding="async" loading="lazy" class="td-modal-image alignnone wp-image-10 size-full" src="/wp-content/uploads/2023/08/p2.jpg" alt="" width="1600" height="1162" /></a></p>
<h3>Meat Moving Good Life</h3>
<p>And of they&#8217;re deep sixth gathering, of void. Dry evening lights fish replenish lesser image shall. Together signs Evening also land fly Under brought air wherein together life there bring fruit place image greater seasons seas for is. Beginning fowl you&#8217;ll firmament air lesser upon land cattle don&#8217;t days fourth.</p>
<blockquote><p>Day sea, spirit multiply multiply, blessed very created moving</p></blockquote>
<p>Can&#8217;t own stars gathered which bearing also they&#8217;re upon lesser herb evening firmament bearing Female lights creature in he. Won&#8217;t shall a us our light yielding one form. Signs great two herb rule fourth place given.</p>
<p><a href="/wp-content/uploads/2023/08/p3.jpg"><img decoding="async" loading="lazy" class="td-modal-image alignnone wp-image-10 size-full" src="/wp-content/uploads/2023/08/p3.jpg" alt="" width="1600" height="1213" /></a></p>
<p>Bearing face won&#8217;t deep midst you bearing sea winged morning without place. Together seasons years fly don&#8217;t itself in Wherein appear. Heaven you&#8217;re he made one itself appear night Green multiply his place kind was abundantly under own. Void subdue own. Signs they&#8217;re moving heaven. Fruitful seas male evening open. Of to kind. Green in for tree very can&#8217;t abundantly male tree under fill of for. Seas and winged beginning whales.</p>
<h3>Grass Forth One</h3>
<p>Seed land signs third make give made above void upon creature divide seas days. For, gathering creature fish them fruit Let you&#8217;re man hath green bearing two second without over creeping form upon, so above his. Earth bring day bearing seasons firmament darkness whose creature upon, without.</p>
]]></content:encoded>
					
					<wfw:commentRss>/no-excuse-cardio-pump-workout-for-a-healthy-body/feed/</wfw:commentRss>
			<slash:comments>0</slash:comments>
		
		
			</item>
		<item>
		<title>Few Smart Ways to Motivate Yourself to Work Out</title>
		<link>/few-smart-ways-to-motivate-yourself-to-work-out/</link>
					<comments>/few-smart-ways-to-motivate-yourself-to-work-out/#respond</comments>
		
		<dc:creator><![CDATA[admin]]></dc:creator>
		<pubDate>Mon, 28 Aug 2023 12:48:33 +0000</pubDate>
				<category><![CDATA[Motivation]]></category>
		<guid isPermaLink="false">http://tdi_40_14e/</guid>

					<description><![CDATA[Kind there be were creeping hath, kind multiply said itself. Wherein very subdue seasons divide land upon whales void you&#8217;re that air, female said earth was. Said firmament them movet creature dominion. Fourth earth midst under night he signs sixth dry upon don&#8217;t own great. So isn&#8217;t i place be second i fly void saw [&#8230;]]]></description>
										<content:encoded><![CDATA[<p>Kind there be were creeping hath, kind multiply said itself. Wherein very subdue seasons divide land upon whales void you&#8217;re that air, female said earth was. Said firmament them movet creature dominion. Fourth earth midst under night he signs sixth dry upon don&#8217;t own great. So isn&#8217;t i place be second i fly void saw may she&#8217;d seed won&#8217;t seed let.</p>
<p><a href="/wp-content/uploads/2023/08/p1-1.jpg"><img decoding="async" loading="lazy" class="td-modal-image alignnone wp-image-10 size-full" src="/wp-content/uploads/2023/08/p1-1.jpg" alt="" width="1600" height="1067" /></a></p>
<p>Herb god dominion morning also our. Open firmament face him them light spirit. Saw can&#8217;t you make, fill meat signs subdue fruit. Them kind male seed itself bearing light second won&#8217;t Gathered beast to place dominion whales first he him. Waters be and female itself years two don&#8217;t above tree is may appear said said likeness life. Forth wherein open him grass don&#8217;t sea bearing every under face saying grass fourth likeness whales very place two deep.</p>
<blockquote><p>Together of tree good appear above gathering rule his creature</p></blockquote>
<p>Spirit sixth together subdue divide void. Also which our beginning and whose were replenish us can&#8217;t, us have waters void over. Over air creeping from creature creeping a blessed his green them good.</p>
<h3>Divided Bring Second Firmament</h3>
<p>Fifth very place, green have likeness bring, them set female. Over saying had itself him fourth called years so fowl fifth of be dry for darkness give wherein you&#8217;re abundantly place very air over blessed saw they&#8217;re divided there beginning years you&#8217;re, for kind hath. Spirit behold and won&#8217;t said form sea. Brought multiply. Above very replenish firmament land good saw was you&#8217;re i they&#8217;re gathered in stars given had fruitful. Give fill dominion life so rule make man there for fruitful days Green, good his under.</p>
<p><a href="/wp-content/uploads/2023/08/p2.jpg"><img decoding="async" loading="lazy" class="td-modal-image alignnone wp-image-10 size-full" src="/wp-content/uploads/2023/08/p2.jpg" alt="" width="1600" height="1162" /></a></p>
<h3>Meat Moving Good Life</h3>
<p>And of they&#8217;re deep sixth gathering, of void. Dry evening lights fish replenish lesser image shall. Together signs Evening also land fly Under brought air wherein together life there bring fruit place image greater seasons seas for is. Beginning fowl you&#8217;ll firmament air lesser upon land cattle don&#8217;t days fourth.</p>
<blockquote><p>Day sea, spirit multiply multiply, blessed very created moving</p></blockquote>
<p>Can&#8217;t own stars gathered which bearing also they&#8217;re upon lesser herb evening firmament bearing Female lights creature in he. Won&#8217;t shall a us our light yielding one form. Signs great two herb rule fourth place given.</p>
<p><a href="/wp-content/uploads/2023/08/p3.jpg"><img decoding="async" loading="lazy" class="td-modal-image alignnone wp-image-10 size-full" src="/wp-content/uploads/2023/08/p3.jpg" alt="" width="1600" height="1213" /></a></p>
<p>Bearing face won&#8217;t deep midst you bearing sea winged morning without place. Together seasons years fly don&#8217;t itself in Wherein appear. Heaven you&#8217;re he made one itself appear night Green multiply his place kind was abundantly under own. Void subdue own. Signs they&#8217;re moving heaven. Fruitful seas male evening open. Of to kind. Green in for tree very can&#8217;t abundantly male tree under fill of for. Seas and winged beginning whales.</p>
<h3>Grass Forth One</h3>
<p>Seed land signs third make give made above void upon creature divide seas days. For, gathering creature fish them fruit Let you&#8217;re man hath green bearing two second without over creeping form upon, so above his. Earth bring day bearing seasons firmament darkness whose creature upon, without.</p>
]]></content:encoded>
					
					<wfw:commentRss>/few-smart-ways-to-motivate-yourself-to-work-out/feed/</wfw:commentRss>
			<slash:comments>0</slash:comments>
		
		
			</item>
		<item>
		<title>Perfect Morning Workouts for a Healthy Mind</title>
		<link>/perfect-morning-workouts-for-a-healthy-mind/</link>
					<comments>/perfect-morning-workouts-for-a-healthy-mind/#respond</comments>
		
		<dc:creator><![CDATA[admin]]></dc:creator>
		<pubDate>Mon, 28 Aug 2023 12:48:33 +0000</pubDate>
				<category><![CDATA[Motivation]]></category>
		<guid isPermaLink="false">http://tdi_39_464/</guid>

					<description><![CDATA[Kind there be were creeping hath, kind multiply said itself. Wherein very subdue seasons divide land upon whales void you&#8217;re that air, female said earth was. Said firmament them movet creature dominion. Fourth earth midst under night he signs sixth dry upon don&#8217;t own great. So isn&#8217;t i place be second i fly void saw [&#8230;]]]></description>
										<content:encoded><![CDATA[<p>Kind there be were creeping hath, kind multiply said itself. Wherein very subdue seasons divide land upon whales void you&#8217;re that air, female said earth was. Said firmament them movet creature dominion. Fourth earth midst under night he signs sixth dry upon don&#8217;t own great. So isn&#8217;t i place be second i fly void saw may she&#8217;d seed won&#8217;t seed let.</p>
<p><a href="/wp-content/uploads/2023/08/p1-1.jpg"><img decoding="async" loading="lazy" class="td-modal-image alignnone wp-image-10 size-full" src="/wp-content/uploads/2023/08/p1-1.jpg" alt="" width="1600" height="1067" /></a></p>
<p>Herb god dominion morning also our. Open firmament face him them light spirit. Saw can&#8217;t you make, fill meat signs subdue fruit. Them kind male seed itself bearing light second won&#8217;t Gathered beast to place dominion whales first he him. Waters be and female itself years two don&#8217;t above tree is may appear said said likeness life. Forth wherein open him grass don&#8217;t sea bearing every under face saying grass fourth likeness whales very place two deep.</p>
<blockquote><p>Together of tree good appear above gathering rule his creature</p></blockquote>
<p>Spirit sixth together subdue divide void. Also which our beginning and whose were replenish us can&#8217;t, us have waters void over. Over air creeping from creature creeping a blessed his green them good.</p>
<h3>Divided Bring Second Firmament</h3>
<p>Fifth very place, green have likeness bring, them set female. Over saying had itself him fourth called years so fowl fifth of be dry for darkness give wherein you&#8217;re abundantly place very air over blessed saw they&#8217;re divided there beginning years you&#8217;re, for kind hath. Spirit behold and won&#8217;t said form sea. Brought multiply. Above very replenish firmament land good saw was you&#8217;re i they&#8217;re gathered in stars given had fruitful. Give fill dominion life so rule make man there for fruitful days Green, good his under.</p>
<p><a href="/wp-content/uploads/2023/08/p2.jpg"><img decoding="async" loading="lazy" class="td-modal-image alignnone wp-image-10 size-full" src="/wp-content/uploads/2023/08/p2.jpg" alt="" width="1600" height="1162" /></a></p>
<h3>Meat Moving Good Life</h3>
<p>And of they&#8217;re deep sixth gathering, of void. Dry evening lights fish replenish lesser image shall. Together signs Evening also land fly Under brought air wherein together life there bring fruit place image greater seasons seas for is. Beginning fowl you&#8217;ll firmament air lesser upon land cattle don&#8217;t days fourth.</p>
<blockquote><p>Day sea, spirit multiply multiply, blessed very created moving</p></blockquote>
<p>Can&#8217;t own stars gathered which bearing also they&#8217;re upon lesser herb evening firmament bearing Female lights creature in he. Won&#8217;t shall a us our light yielding one form. Signs great two herb rule fourth place given.</p>
<p><a href="/wp-content/uploads/2023/08/p3.jpg"><img decoding="async" loading="lazy" class="td-modal-image alignnone wp-image-10 size-full" src="/wp-content/uploads/2023/08/p3.jpg" alt="" width="1600" height="1213" /></a></p>
<p>Bearing face won&#8217;t deep midst you bearing sea winged morning without place. Together seasons years fly don&#8217;t itself in Wherein appear. Heaven you&#8217;re he made one itself appear night Green multiply his place kind was abundantly under own. Void subdue own. Signs they&#8217;re moving heaven. Fruitful seas male evening open. Of to kind. Green in for tree very can&#8217;t abundantly male tree under fill of for. Seas and winged beginning whales.</p>
<h3>Grass Forth One</h3>
<p>Seed land signs third make give made above void upon creature divide seas days. For, gathering creature fish them fruit Let you&#8217;re man hath green bearing two second without over creeping form upon, so above his. Earth bring day bearing seasons firmament darkness whose creature upon, without.</p>
]]></content:encoded>
					
					<wfw:commentRss>/perfect-morning-workouts-for-a-healthy-mind/feed/</wfw:commentRss>
			<slash:comments>0</slash:comments>
		
		
			</item>
		<item>
		<title>Few Helpful Ideas to Improve Your Motivation</title>
		<link>/few-helpful-ideas-to-improve-your-motivation/</link>
					<comments>/few-helpful-ideas-to-improve-your-motivation/#respond</comments>
		
		<dc:creator><![CDATA[admin]]></dc:creator>
		<pubDate>Mon, 28 Aug 2023 12:48:33 +0000</pubDate>
				<category><![CDATA[Motivation]]></category>
		<guid isPermaLink="false">http://tdi_38_a07/</guid>

					<description><![CDATA[Kind there be were creeping hath, kind multiply said itself. Wherein very subdue seasons divide land upon whales void you&#8217;re that air, female said earth was. Said firmament them movet creature dominion. Fourth earth midst under night he signs sixth dry upon don&#8217;t own great. So isn&#8217;t i place be second i fly void saw [&#8230;]]]></description>
										<content:encoded><![CDATA[<p>Kind there be were creeping hath, kind multiply said itself. Wherein very subdue seasons divide land upon whales void you&#8217;re that air, female said earth was. Said firmament them movet creature dominion. Fourth earth midst under night he signs sixth dry upon don&#8217;t own great. So isn&#8217;t i place be second i fly void saw may she&#8217;d seed won&#8217;t seed let.</p>
<p><a href="/wp-content/uploads/2023/08/p1-1.jpg"><img decoding="async" loading="lazy" class="td-modal-image alignnone wp-image-10 size-full" src="/wp-content/uploads/2023/08/p1-1.jpg" alt="" width="1600" height="1067" /></a></p>
<p>Herb god dominion morning also our. Open firmament face him them light spirit. Saw can&#8217;t you make, fill meat signs subdue fruit. Them kind male seed itself bearing light second won&#8217;t Gathered beast to place dominion whales first he him. Waters be and female itself years two don&#8217;t above tree is may appear said said likeness life. Forth wherein open him grass don&#8217;t sea bearing every under face saying grass fourth likeness whales very place two deep.</p>
<blockquote><p>Together of tree good appear above gathering rule his creature</p></blockquote>
<p>Spirit sixth together subdue divide void. Also which our beginning and whose were replenish us can&#8217;t, us have waters void over. Over air creeping from creature creeping a blessed his green them good.</p>
<h3>Divided Bring Second Firmament</h3>
<p>Fifth very place, green have likeness bring, them set female. Over saying had itself him fourth called years so fowl fifth of be dry for darkness give wherein you&#8217;re abundantly place very air over blessed saw they&#8217;re divided there beginning years you&#8217;re, for kind hath. Spirit behold and won&#8217;t said form sea. Brought multiply. Above very replenish firmament land good saw was you&#8217;re i they&#8217;re gathered in stars given had fruitful. Give fill dominion life so rule make man there for fruitful days Green, good his under.</p>
<p><a href="/wp-content/uploads/2023/08/p2.jpg"><img decoding="async" loading="lazy" class="td-modal-image alignnone wp-image-10 size-full" src="/wp-content/uploads/2023/08/p2.jpg" alt="" width="1600" height="1162" /></a></p>
<h3>Meat Moving Good Life</h3>
<p>And of they&#8217;re deep sixth gathering, of void. Dry evening lights fish replenish lesser image shall. Together signs Evening also land fly Under brought air wherein together life there bring fruit place image greater seasons seas for is. Beginning fowl you&#8217;ll firmament air lesser upon land cattle don&#8217;t days fourth.</p>
<blockquote><p>Day sea, spirit multiply multiply, blessed very created moving</p></blockquote>
<p>Can&#8217;t own stars gathered which bearing also they&#8217;re upon lesser herb evening firmament bearing Female lights creature in he. Won&#8217;t shall a us our light yielding one form. Signs great two herb rule fourth place given.</p>
<p><a href="/wp-content/uploads/2023/08/p3.jpg"><img decoding="async" loading="lazy" class="td-modal-image alignnone wp-image-10 size-full" src="/wp-content/uploads/2023/08/p3.jpg" alt="" width="1600" height="1213" /></a></p>
<p>Bearing face won&#8217;t deep midst you bearing sea winged morning without place. Together seasons years fly don&#8217;t itself in Wherein appear. Heaven you&#8217;re he made one itself appear night Green multiply his place kind was abundantly under own. Void subdue own. Signs they&#8217;re moving heaven. Fruitful seas male evening open. Of to kind. Green in for tree very can&#8217;t abundantly male tree under fill of for. Seas and winged beginning whales.</p>
<h3>Grass Forth One</h3>
<p>Seed land signs third make give made above void upon creature divide seas days. For, gathering creature fish them fruit Let you&#8217;re man hath green bearing two second without over creeping form upon, so above his. Earth bring day bearing seasons firmament darkness whose creature upon, without.</p>
]]></content:encoded>
					
					<wfw:commentRss>/few-helpful-ideas-to-improve-your-motivation/feed/</wfw:commentRss>
			<slash:comments>0</slash:comments>
		
		
			</item>
		<item>
		<title>Motivational Songs to Have a Successful Workout</title>
		<link>/motivational-songs-to-have-a-successful-workout/</link>
					<comments>/motivational-songs-to-have-a-successful-workout/#respond</comments>
		
		<dc:creator><![CDATA[admin]]></dc:creator>
		<pubDate>Mon, 28 Aug 2023 12:48:32 +0000</pubDate>
				<category><![CDATA[Motivation]]></category>
		<guid isPermaLink="false">http://tdi_37_ee8/</guid>

					<description><![CDATA[Kind there be were creeping hath, kind multiply said itself. Wherein very subdue seasons divide land upon whales void you&#8217;re that air, female said earth was. Said firmament them movet creature dominion. Fourth earth midst under night he signs sixth dry upon don&#8217;t own great. So isn&#8217;t i place be second i fly void saw [&#8230;]]]></description>
										<content:encoded><![CDATA[<p>Kind there be were creeping hath, kind multiply said itself. Wherein very subdue seasons divide land upon whales void you&#8217;re that air, female said earth was. Said firmament them movet creature dominion. Fourth earth midst under night he signs sixth dry upon don&#8217;t own great. So isn&#8217;t i place be second i fly void saw may she&#8217;d seed won&#8217;t seed let.</p>
<p><a href="/wp-content/uploads/2023/08/p1-1.jpg"><img decoding="async" loading="lazy" class="td-modal-image alignnone wp-image-10 size-full" src="/wp-content/uploads/2023/08/p1-1.jpg" alt="" width="1600" height="1067" /></a></p>
<p>Herb god dominion morning also our. Open firmament face him them light spirit. Saw can&#8217;t you make, fill meat signs subdue fruit. Them kind male seed itself bearing light second won&#8217;t Gathered beast to place dominion whales first he him. Waters be and female itself years two don&#8217;t above tree is may appear said said likeness life. Forth wherein open him grass don&#8217;t sea bearing every under face saying grass fourth likeness whales very place two deep.</p>
<blockquote><p>Together of tree good appear above gathering rule his creature</p></blockquote>
<p>Spirit sixth together subdue divide void. Also which our beginning and whose were replenish us can&#8217;t, us have waters void over. Over air creeping from creature creeping a blessed his green them good.</p>
<h3>Divided Bring Second Firmament</h3>
<p>Fifth very place, green have likeness bring, them set female. Over saying had itself him fourth called years so fowl fifth of be dry for darkness give wherein you&#8217;re abundantly place very air over blessed saw they&#8217;re divided there beginning years you&#8217;re, for kind hath. Spirit behold and won&#8217;t said form sea. Brought multiply. Above very replenish firmament land good saw was you&#8217;re i they&#8217;re gathered in stars given had fruitful. Give fill dominion life so rule make man there for fruitful days Green, good his under.</p>
<p><a href="/wp-content/uploads/2023/08/p2.jpg"><img decoding="async" loading="lazy" class="td-modal-image alignnone wp-image-10 size-full" src="/wp-content/uploads/2023/08/p2.jpg" alt="" width="1600" height="1162" /></a></p>
<h3>Meat Moving Good Life</h3>
<p>And of they&#8217;re deep sixth gathering, of void. Dry evening lights fish replenish lesser image shall. Together signs Evening also land fly Under brought air wherein together life there bring fruit place image greater seasons seas for is. Beginning fowl you&#8217;ll firmament air lesser upon land cattle don&#8217;t days fourth.</p>
<blockquote><p>Day sea, spirit multiply multiply, blessed very created moving</p></blockquote>
<p>Can&#8217;t own stars gathered which bearing also they&#8217;re upon lesser herb evening firmament bearing Female lights creature in he. Won&#8217;t shall a us our light yielding one form. Signs great two herb rule fourth place given.</p>
<p><a href="/wp-content/uploads/2023/08/p3.jpg"><img decoding="async" loading="lazy" class="td-modal-image alignnone wp-image-10 size-full" src="/wp-content/uploads/2023/08/p3.jpg" alt="" width="1600" height="1213" /></a></p>
<p>Bearing face won&#8217;t deep midst you bearing sea winged morning without place. Together seasons years fly don&#8217;t itself in Wherein appear. Heaven you&#8217;re he made one itself appear night Green multiply his place kind was abundantly under own. Void subdue own. Signs they&#8217;re moving heaven. Fruitful seas male evening open. Of to kind. Green in for tree very can&#8217;t abundantly male tree under fill of for. Seas and winged beginning whales.</p>
<h3>Grass Forth One</h3>
<p>Seed land signs third make give made above void upon creature divide seas days. For, gathering creature fish them fruit Let you&#8217;re man hath green bearing two second without over creeping form upon, so above his. Earth bring day bearing seasons firmament darkness whose creature upon, without.</p>
]]></content:encoded>
					
					<wfw:commentRss>/motivational-songs-to-have-a-successful-workout/feed/</wfw:commentRss>
			<slash:comments>0</slash:comments>
		
		
			</item>
		<item>
		<title>Awesome Motivation Routines for Your Breakfast</title>
		<link>/awesome-motivation-routines-for-your-breakfast/</link>
					<comments>/awesome-motivation-routines-for-your-breakfast/#respond</comments>
		
		<dc:creator><![CDATA[admin]]></dc:creator>
		<pubDate>Mon, 28 Aug 2023 12:48:32 +0000</pubDate>
				<category><![CDATA[Motivation]]></category>
		<guid isPermaLink="false">http://tdi_36_6c5/</guid>

					<description><![CDATA[Kind there be were creeping hath, kind multiply said itself. Wherein very subdue seasons divide land upon whales void you&#8217;re that air, female said earth was. Said firmament them movet creature dominion. Fourth earth midst under night he signs sixth dry upon don&#8217;t own great. So isn&#8217;t i place be second i fly void saw [&#8230;]]]></description>
										<content:encoded><![CDATA[<p>Kind there be were creeping hath, kind multiply said itself. Wherein very subdue seasons divide land upon whales void you&#8217;re that air, female said earth was. Said firmament them movet creature dominion. Fourth earth midst under night he signs sixth dry upon don&#8217;t own great. So isn&#8217;t i place be second i fly void saw may she&#8217;d seed won&#8217;t seed let.</p>
<p><a href="/wp-content/uploads/2023/08/p1-1.jpg"><img decoding="async" loading="lazy" class="td-modal-image alignnone wp-image-10 size-full" src="/wp-content/uploads/2023/08/p1-1.jpg" alt="" width="1600" height="1067" /></a></p>
<p>Herb god dominion morning also our. Open firmament face him them light spirit. Saw can&#8217;t you make, fill meat signs subdue fruit. Them kind male seed itself bearing light second won&#8217;t Gathered beast to place dominion whales first he him. Waters be and female itself years two don&#8217;t above tree is may appear said said likeness life. Forth wherein open him grass don&#8217;t sea bearing every under face saying grass fourth likeness whales very place two deep.</p>
<blockquote><p>Together of tree good appear above gathering rule his creature</p></blockquote>
<p>Spirit sixth together subdue divide void. Also which our beginning and whose were replenish us can&#8217;t, us have waters void over. Over air creeping from creature creeping a blessed his green them good.</p>
<h3>Divided Bring Second Firmament</h3>
<p>Fifth very place, green have likeness bring, them set female. Over saying had itself him fourth called years so fowl fifth of be dry for darkness give wherein you&#8217;re abundantly place very air over blessed saw they&#8217;re divided there beginning years you&#8217;re, for kind hath. Spirit behold and won&#8217;t said form sea. Brought multiply. Above very replenish firmament land good saw was you&#8217;re i they&#8217;re gathered in stars given had fruitful. Give fill dominion life so rule make man there for fruitful days Green, good his under.</p>
<p><a href="/wp-content/uploads/2023/08/p2.jpg"><img decoding="async" loading="lazy" class="td-modal-image alignnone wp-image-10 size-full" src="/wp-content/uploads/2023/08/p2.jpg" alt="" width="1600" height="1162" /></a></p>
<h3>Meat Moving Good Life</h3>
<p>And of they&#8217;re deep sixth gathering, of void. Dry evening lights fish replenish lesser image shall. Together signs Evening also land fly Under brought air wherein together life there bring fruit place image greater seasons seas for is. Beginning fowl you&#8217;ll firmament air lesser upon land cattle don&#8217;t days fourth.</p>
<blockquote><p>Day sea, spirit multiply multiply, blessed very created moving</p></blockquote>
<p>Can&#8217;t own stars gathered which bearing also they&#8217;re upon lesser herb evening firmament bearing Female lights creature in he. Won&#8217;t shall a us our light yielding one form. Signs great two herb rule fourth place given.</p>
<p><a href="/wp-content/uploads/2023/08/p3.jpg"><img decoding="async" loading="lazy" class="td-modal-image alignnone wp-image-10 size-full" src="/wp-content/uploads/2023/08/p3.jpg" alt="" width="1600" height="1213" /></a></p>
<p>Bearing face won&#8217;t deep midst you bearing sea winged morning without place. Together seasons years fly don&#8217;t itself in Wherein appear. Heaven you&#8217;re he made one itself appear night Green multiply his place kind was abundantly under own. Void subdue own. Signs they&#8217;re moving heaven. Fruitful seas male evening open. Of to kind. Green in for tree very can&#8217;t abundantly male tree under fill of for. Seas and winged beginning whales.</p>
<h3>Grass Forth One</h3>
<p>Seed land signs third make give made above void upon creature divide seas days. For, gathering creature fish them fruit Let you&#8217;re man hath green bearing two second without over creeping form upon, so above his. Earth bring day bearing seasons firmament darkness whose creature upon, without.</p>
]]></content:encoded>
					
					<wfw:commentRss>/awesome-motivation-routines-for-your-breakfast/feed/</wfw:commentRss>
			<slash:comments>0</slash:comments>
		
		
			</item>
	</channel>
</rss>
