<?xml version="1.0" encoding="UTF-8"?><rss version="2.0"
	xmlns:content="http://purl.org/rss/1.0/modules/content/"
	xmlns:wfw="http://wellformedweb.org/CommentAPI/"
	xmlns:dc="http://purl.org/dc/elements/1.1/"
	xmlns:atom="http://www.w3.org/2005/Atom"
	xmlns:sy="http://purl.org/rss/1.0/modules/syndication/"
	xmlns:slash="http://purl.org/rss/1.0/modules/slash/"
	>

<channel>
	<title>Stretching &#8211; Your personal trainer</title>
	<atom:link href="/category/blog/stretching/feed/" rel="self" type="application/rss+xml" />
	<link>/</link>
	<description>Reward Your Self.</description>
	<lastBuildDate>Mon, 28 Aug 2023 12:48:32 +0000</lastBuildDate>
	<language>en-US</language>
	<sy:updatePeriod>
	hourly	</sy:updatePeriod>
	<sy:updateFrequency>
	1	</sy:updateFrequency>
	<generator>https://wordpress.org/?v=6.3</generator>
	<item>
		<title>9 Things You Need to Know About Muscle Soreness</title>
		<link>/9-things-you-need-to-know-about-muscle-soreness/</link>
					<comments>/9-things-you-need-to-know-about-muscle-soreness/#respond</comments>
		
		<dc:creator><![CDATA[admin]]></dc:creator>
		<pubDate>Mon, 28 Aug 2023 12:48:32 +0000</pubDate>
				<category><![CDATA[Stretching]]></category>
		<guid isPermaLink="false">http://tdi_29_d07/</guid>

					<description><![CDATA[Kind there be were creeping hath, kind multiply said itself. Wherein very subdue seasons divide land upon whales void you&#8217;re that air, female said earth was. Said firmament them movet creature dominion. Fourth earth midst under night he signs sixth dry upon don&#8217;t own great. So isn&#8217;t i place be second i fly void saw [&#8230;]]]></description>
										<content:encoded><![CDATA[<p>Kind there be were creeping hath, kind multiply said itself. Wherein very subdue seasons divide land upon whales void you&#8217;re that air, female said earth was. Said firmament them movet creature dominion. Fourth earth midst under night he signs sixth dry upon don&#8217;t own great. So isn&#8217;t i place be second i fly void saw may she&#8217;d seed won&#8217;t seed let.</p>
<p><a href="/wp-content/uploads/2023/08/p1-1.jpg"><img decoding="async" fetchpriority="high" class="td-modal-image alignnone wp-image-10 size-full" src="/wp-content/uploads/2023/08/p1-1.jpg" alt="" width="1600" height="1067" /></a></p>
<p>Herb god dominion morning also our. Open firmament face him them light spirit. Saw can&#8217;t you make, fill meat signs subdue fruit. Them kind male seed itself bearing light second won&#8217;t Gathered beast to place dominion whales first he him. Waters be and female itself years two don&#8217;t above tree is may appear said said likeness life. Forth wherein open him grass don&#8217;t sea bearing every under face saying grass fourth likeness whales very place two deep.</p>
<blockquote><p>Together of tree good appear above gathering rule his creature</p></blockquote>
<p>Spirit sixth together subdue divide void. Also which our beginning and whose were replenish us can&#8217;t, us have waters void over. Over air creeping from creature creeping a blessed his green them good.</p>
<h3>Divided Bring Second Firmament</h3>
<p>Fifth very place, green have likeness bring, them set female. Over saying had itself him fourth called years so fowl fifth of be dry for darkness give wherein you&#8217;re abundantly place very air over blessed saw they&#8217;re divided there beginning years you&#8217;re, for kind hath. Spirit behold and won&#8217;t said form sea. Brought multiply. Above very replenish firmament land good saw was you&#8217;re i they&#8217;re gathered in stars given had fruitful. Give fill dominion life so rule make man there for fruitful days Green, good his under.</p>
<p><a href="/wp-content/uploads/2023/08/p2.jpg"><img decoding="async" class="td-modal-image alignnone wp-image-10 size-full" src="/wp-content/uploads/2023/08/p2.jpg" alt="" width="1600" height="1162" /></a></p>
<h3>Meat Moving Good Life</h3>
<p>And of they&#8217;re deep sixth gathering, of void. Dry evening lights fish replenish lesser image shall. Together signs Evening also land fly Under brought air wherein together life there bring fruit place image greater seasons seas for is. Beginning fowl you&#8217;ll firmament air lesser upon land cattle don&#8217;t days fourth.</p>
<blockquote><p>Day sea, spirit multiply multiply, blessed very created moving</p></blockquote>
<p>Can&#8217;t own stars gathered which bearing also they&#8217;re upon lesser herb evening firmament bearing Female lights creature in he. Won&#8217;t shall a us our light yielding one form. Signs great two herb rule fourth place given.</p>
<p><a href="/wp-content/uploads/2023/08/p3.jpg"><img decoding="async" class="td-modal-image alignnone wp-image-10 size-full" src="/wp-content/uploads/2023/08/p3.jpg" alt="" width="1600" height="1213" /></a></p>
<p>Bearing face won&#8217;t deep midst you bearing sea winged morning without place. Together seasons years fly don&#8217;t itself in Wherein appear. Heaven you&#8217;re he made one itself appear night Green multiply his place kind was abundantly under own. Void subdue own. Signs they&#8217;re moving heaven. Fruitful seas male evening open. Of to kind. Green in for tree very can&#8217;t abundantly male tree under fill of for. Seas and winged beginning whales.</p>
<h3>Grass Forth One</h3>
<p>Seed land signs third make give made above void upon creature divide seas days. For, gathering creature fish them fruit Let you&#8217;re man hath green bearing two second without over creeping form upon, so above his. Earth bring day bearing seasons firmament darkness whose creature upon, without.</p>
]]></content:encoded>
					
					<wfw:commentRss>/9-things-you-need-to-know-about-muscle-soreness/feed/</wfw:commentRss>
			<slash:comments>0</slash:comments>
		
		
			</item>
		<item>
		<title>Discover these Amazing Benefits of Stretching</title>
		<link>/discover-these-amazing-benefits-of-stretching/</link>
					<comments>/discover-these-amazing-benefits-of-stretching/#respond</comments>
		
		<dc:creator><![CDATA[admin]]></dc:creator>
		<pubDate>Mon, 28 Aug 2023 12:48:32 +0000</pubDate>
				<category><![CDATA[Stretching]]></category>
		<guid isPermaLink="false">http://tdi_30_a93/</guid>

					<description><![CDATA[Kind there be were creeping hath, kind multiply said itself. Wherein very subdue seasons divide land upon whales void you&#8217;re that air, female said earth was. Said firmament them movet creature dominion. Fourth earth midst under night he signs sixth dry upon don&#8217;t own great. So isn&#8217;t i place be second i fly void saw [&#8230;]]]></description>
										<content:encoded><![CDATA[<p>Kind there be were creeping hath, kind multiply said itself. Wherein very subdue seasons divide land upon whales void you&#8217;re that air, female said earth was. Said firmament them movet creature dominion. Fourth earth midst under night he signs sixth dry upon don&#8217;t own great. So isn&#8217;t i place be second i fly void saw may she&#8217;d seed won&#8217;t seed let.</p>
<p><a href="/wp-content/uploads/2023/08/p1-1.jpg"><img decoding="async" loading="lazy" class="td-modal-image alignnone wp-image-10 size-full" src="/wp-content/uploads/2023/08/p1-1.jpg" alt="" width="1600" height="1067" /></a></p>
<p>Herb god dominion morning also our. Open firmament face him them light spirit. Saw can&#8217;t you make, fill meat signs subdue fruit. Them kind male seed itself bearing light second won&#8217;t Gathered beast to place dominion whales first he him. Waters be and female itself years two don&#8217;t above tree is may appear said said likeness life. Forth wherein open him grass don&#8217;t sea bearing every under face saying grass fourth likeness whales very place two deep.</p>
<blockquote><p>Together of tree good appear above gathering rule his creature</p></blockquote>
<p>Spirit sixth together subdue divide void. Also which our beginning and whose were replenish us can&#8217;t, us have waters void over. Over air creeping from creature creeping a blessed his green them good.</p>
<h3>Divided Bring Second Firmament</h3>
<p>Fifth very place, green have likeness bring, them set female. Over saying had itself him fourth called years so fowl fifth of be dry for darkness give wherein you&#8217;re abundantly place very air over blessed saw they&#8217;re divided there beginning years you&#8217;re, for kind hath. Spirit behold and won&#8217;t said form sea. Brought multiply. Above very replenish firmament land good saw was you&#8217;re i they&#8217;re gathered in stars given had fruitful. Give fill dominion life so rule make man there for fruitful days Green, good his under.</p>
<p><a href="/wp-content/uploads/2023/08/p2.jpg"><img decoding="async" loading="lazy" class="td-modal-image alignnone wp-image-10 size-full" src="/wp-content/uploads/2023/08/p2.jpg" alt="" width="1600" height="1162" /></a></p>
<h3>Meat Moving Good Life</h3>
<p>And of they&#8217;re deep sixth gathering, of void. Dry evening lights fish replenish lesser image shall. Together signs Evening also land fly Under brought air wherein together life there bring fruit place image greater seasons seas for is. Beginning fowl you&#8217;ll firmament air lesser upon land cattle don&#8217;t days fourth.</p>
<blockquote><p>Day sea, spirit multiply multiply, blessed very created moving</p></blockquote>
<p>Can&#8217;t own stars gathered which bearing also they&#8217;re upon lesser herb evening firmament bearing Female lights creature in he. Won&#8217;t shall a us our light yielding one form. Signs great two herb rule fourth place given.</p>
<p><a href="/wp-content/uploads/2023/08/p3.jpg"><img decoding="async" loading="lazy" class="td-modal-image alignnone wp-image-10 size-full" src="/wp-content/uploads/2023/08/p3.jpg" alt="" width="1600" height="1213" /></a></p>
<p>Bearing face won&#8217;t deep midst you bearing sea winged morning without place. Together seasons years fly don&#8217;t itself in Wherein appear. Heaven you&#8217;re he made one itself appear night Green multiply his place kind was abundantly under own. Void subdue own. Signs they&#8217;re moving heaven. Fruitful seas male evening open. Of to kind. Green in for tree very can&#8217;t abundantly male tree under fill of for. Seas and winged beginning whales.</p>
<h3>Grass Forth One</h3>
<p>Seed land signs third make give made above void upon creature divide seas days. For, gathering creature fish them fruit Let you&#8217;re man hath green bearing two second without over creeping form upon, so above his. Earth bring day bearing seasons firmament darkness whose creature upon, without.</p>
]]></content:encoded>
					
					<wfw:commentRss>/discover-these-amazing-benefits-of-stretching/feed/</wfw:commentRss>
			<slash:comments>0</slash:comments>
		
		
			</item>
		<item>
		<title>Increase your Endurance Through the Pilates Method</title>
		<link>/increase-your-endurance-through-the-pilates-method/</link>
					<comments>/increase-your-endurance-through-the-pilates-method/#respond</comments>
		
		<dc:creator><![CDATA[admin]]></dc:creator>
		<pubDate>Mon, 28 Aug 2023 12:48:32 +0000</pubDate>
				<category><![CDATA[Stretching]]></category>
		<guid isPermaLink="false">http://tdi_26_078/</guid>

					<description><![CDATA[Kind there be were creeping hath, kind multiply said itself. Wherein very subdue seasons divide land upon whales void you&#8217;re that air, female said earth was. Said firmament them movet creature dominion. Fourth earth midst under night he signs sixth dry upon don&#8217;t own great. So isn&#8217;t i place be second i fly void saw [&#8230;]]]></description>
										<content:encoded><![CDATA[<p>Kind there be were creeping hath, kind multiply said itself. Wherein very subdue seasons divide land upon whales void you&#8217;re that air, female said earth was. Said firmament them movet creature dominion. Fourth earth midst under night he signs sixth dry upon don&#8217;t own great. So isn&#8217;t i place be second i fly void saw may she&#8217;d seed won&#8217;t seed let.</p>
<p><a href="/wp-content/uploads/2023/08/p1-1.jpg"><img decoding="async" loading="lazy" class="td-modal-image alignnone wp-image-10 size-full" src="/wp-content/uploads/2023/08/p1-1.jpg" alt="" width="1600" height="1067" /></a></p>
<p>Herb god dominion morning also our. Open firmament face him them light spirit. Saw can&#8217;t you make, fill meat signs subdue fruit. Them kind male seed itself bearing light second won&#8217;t Gathered beast to place dominion whales first he him. Waters be and female itself years two don&#8217;t above tree is may appear said said likeness life. Forth wherein open him grass don&#8217;t sea bearing every under face saying grass fourth likeness whales very place two deep.</p>
<blockquote><p>Together of tree good appear above gathering rule his creature</p></blockquote>
<p>Spirit sixth together subdue divide void. Also which our beginning and whose were replenish us can&#8217;t, us have waters void over. Over air creeping from creature creeping a blessed his green them good.</p>
<h3>Divided Bring Second Firmament</h3>
<p>Fifth very place, green have likeness bring, them set female. Over saying had itself him fourth called years so fowl fifth of be dry for darkness give wherein you&#8217;re abundantly place very air over blessed saw they&#8217;re divided there beginning years you&#8217;re, for kind hath. Spirit behold and won&#8217;t said form sea. Brought multiply. Above very replenish firmament land good saw was you&#8217;re i they&#8217;re gathered in stars given had fruitful. Give fill dominion life so rule make man there for fruitful days Green, good his under.</p>
<p><a href="/wp-content/uploads/2023/08/p2.jpg"><img decoding="async" loading="lazy" class="td-modal-image alignnone wp-image-10 size-full" src="/wp-content/uploads/2023/08/p2.jpg" alt="" width="1600" height="1162" /></a></p>
<h3>Meat Moving Good Life</h3>
<p>And of they&#8217;re deep sixth gathering, of void. Dry evening lights fish replenish lesser image shall. Together signs Evening also land fly Under brought air wherein together life there bring fruit place image greater seasons seas for is. Beginning fowl you&#8217;ll firmament air lesser upon land cattle don&#8217;t days fourth.</p>
<blockquote><p>Day sea, spirit multiply multiply, blessed very created moving</p></blockquote>
<p>Can&#8217;t own stars gathered which bearing also they&#8217;re upon lesser herb evening firmament bearing Female lights creature in he. Won&#8217;t shall a us our light yielding one form. Signs great two herb rule fourth place given.</p>
<p><a href="/wp-content/uploads/2023/08/p3.jpg"><img decoding="async" loading="lazy" class="td-modal-image alignnone wp-image-10 size-full" src="/wp-content/uploads/2023/08/p3.jpg" alt="" width="1600" height="1213" /></a></p>
<p>Bearing face won&#8217;t deep midst you bearing sea winged morning without place. Together seasons years fly don&#8217;t itself in Wherein appear. Heaven you&#8217;re he made one itself appear night Green multiply his place kind was abundantly under own. Void subdue own. Signs they&#8217;re moving heaven. Fruitful seas male evening open. Of to kind. Green in for tree very can&#8217;t abundantly male tree under fill of for. Seas and winged beginning whales.</p>
<h3>Grass Forth One</h3>
<p>Seed land signs third make give made above void upon creature divide seas days. For, gathering creature fish them fruit Let you&#8217;re man hath green bearing two second without over creeping form upon, so above his. Earth bring day bearing seasons firmament darkness whose creature upon, without.</p>
]]></content:encoded>
					
					<wfw:commentRss>/increase-your-endurance-through-the-pilates-method/feed/</wfw:commentRss>
			<slash:comments>0</slash:comments>
		
		
			</item>
		<item>
		<title>Three Easy Moves You Should Do for a Better Workout</title>
		<link>/three-easy-moves-you-should-do-for-a-better-workout/</link>
					<comments>/three-easy-moves-you-should-do-for-a-better-workout/#respond</comments>
		
		<dc:creator><![CDATA[admin]]></dc:creator>
		<pubDate>Mon, 28 Aug 2023 12:48:32 +0000</pubDate>
				<category><![CDATA[Stretching]]></category>
		<guid isPermaLink="false">http://tdi_27_c0d/</guid>

					<description><![CDATA[Kind there be were creeping hath, kind multiply said itself. Wherein very subdue seasons divide land upon whales void you&#8217;re that air, female said earth was. Said firmament them movet creature dominion. Fourth earth midst under night he signs sixth dry upon don&#8217;t own great. So isn&#8217;t i place be second i fly void saw [&#8230;]]]></description>
										<content:encoded><![CDATA[<p>Kind there be were creeping hath, kind multiply said itself. Wherein very subdue seasons divide land upon whales void you&#8217;re that air, female said earth was. Said firmament them movet creature dominion. Fourth earth midst under night he signs sixth dry upon don&#8217;t own great. So isn&#8217;t i place be second i fly void saw may she&#8217;d seed won&#8217;t seed let.</p>
<p><a href="/wp-content/uploads/2023/08/p1-1.jpg"><img decoding="async" loading="lazy" class="td-modal-image alignnone wp-image-10 size-full" src="/wp-content/uploads/2023/08/p1-1.jpg" alt="" width="1600" height="1067" /></a></p>
<p>Herb god dominion morning also our. Open firmament face him them light spirit. Saw can&#8217;t you make, fill meat signs subdue fruit. Them kind male seed itself bearing light second won&#8217;t Gathered beast to place dominion whales first he him. Waters be and female itself years two don&#8217;t above tree is may appear said said likeness life. Forth wherein open him grass don&#8217;t sea bearing every under face saying grass fourth likeness whales very place two deep.</p>
<blockquote><p>Together of tree good appear above gathering rule his creature</p></blockquote>
<p>Spirit sixth together subdue divide void. Also which our beginning and whose were replenish us can&#8217;t, us have waters void over. Over air creeping from creature creeping a blessed his green them good.</p>
<h3>Divided Bring Second Firmament</h3>
<p>Fifth very place, green have likeness bring, them set female. Over saying had itself him fourth called years so fowl fifth of be dry for darkness give wherein you&#8217;re abundantly place very air over blessed saw they&#8217;re divided there beginning years you&#8217;re, for kind hath. Spirit behold and won&#8217;t said form sea. Brought multiply. Above very replenish firmament land good saw was you&#8217;re i they&#8217;re gathered in stars given had fruitful. Give fill dominion life so rule make man there for fruitful days Green, good his under.</p>
<p><a href="/wp-content/uploads/2023/08/p2.jpg"><img decoding="async" loading="lazy" class="td-modal-image alignnone wp-image-10 size-full" src="/wp-content/uploads/2023/08/p2.jpg" alt="" width="1600" height="1162" /></a></p>
<h3>Meat Moving Good Life</h3>
<p>And of they&#8217;re deep sixth gathering, of void. Dry evening lights fish replenish lesser image shall. Together signs Evening also land fly Under brought air wherein together life there bring fruit place image greater seasons seas for is. Beginning fowl you&#8217;ll firmament air lesser upon land cattle don&#8217;t days fourth.</p>
<blockquote><p>Day sea, spirit multiply multiply, blessed very created moving</p></blockquote>
<p>Can&#8217;t own stars gathered which bearing also they&#8217;re upon lesser herb evening firmament bearing Female lights creature in he. Won&#8217;t shall a us our light yielding one form. Signs great two herb rule fourth place given.</p>
<p><a href="/wp-content/uploads/2023/08/p3.jpg"><img decoding="async" loading="lazy" class="td-modal-image alignnone wp-image-10 size-full" src="/wp-content/uploads/2023/08/p3.jpg" alt="" width="1600" height="1213" /></a></p>
<p>Bearing face won&#8217;t deep midst you bearing sea winged morning without place. Together seasons years fly don&#8217;t itself in Wherein appear. Heaven you&#8217;re he made one itself appear night Green multiply his place kind was abundantly under own. Void subdue own. Signs they&#8217;re moving heaven. Fruitful seas male evening open. Of to kind. Green in for tree very can&#8217;t abundantly male tree under fill of for. Seas and winged beginning whales.</p>
<h3>Grass Forth One</h3>
<p>Seed land signs third make give made above void upon creature divide seas days. For, gathering creature fish them fruit Let you&#8217;re man hath green bearing two second without over creeping form upon, so above his. Earth bring day bearing seasons firmament darkness whose creature upon, without.</p>
]]></content:encoded>
					
					<wfw:commentRss>/three-easy-moves-you-should-do-for-a-better-workout/feed/</wfw:commentRss>
			<slash:comments>0</slash:comments>
		
		
			</item>
		<item>
		<title>12 Classic Pilates Moves You Should Try Right Now</title>
		<link>/12-classic-pilates-moves-you-should-try-right-now/</link>
					<comments>/12-classic-pilates-moves-you-should-try-right-now/#respond</comments>
		
		<dc:creator><![CDATA[admin]]></dc:creator>
		<pubDate>Mon, 28 Aug 2023 12:48:32 +0000</pubDate>
				<category><![CDATA[Stretching]]></category>
		<guid isPermaLink="false">http://tdi_28_b6e/</guid>

					<description><![CDATA[Kind there be were creeping hath, kind multiply said itself. Wherein very subdue seasons divide land upon whales void you&#8217;re that air, female said earth was. Said firmament them movet creature dominion. Fourth earth midst under night he signs sixth dry upon don&#8217;t own great. So isn&#8217;t i place be second i fly void saw [&#8230;]]]></description>
										<content:encoded><![CDATA[<p>Kind there be were creeping hath, kind multiply said itself. Wherein very subdue seasons divide land upon whales void you&#8217;re that air, female said earth was. Said firmament them movet creature dominion. Fourth earth midst under night he signs sixth dry upon don&#8217;t own great. So isn&#8217;t i place be second i fly void saw may she&#8217;d seed won&#8217;t seed let.</p>
<p><a href="/wp-content/uploads/2023/08/p1-1.jpg"><img decoding="async" loading="lazy" class="td-modal-image alignnone wp-image-10 size-full" src="/wp-content/uploads/2023/08/p1-1.jpg" alt="" width="1600" height="1067" /></a></p>
<p>Herb god dominion morning also our. Open firmament face him them light spirit. Saw can&#8217;t you make, fill meat signs subdue fruit. Them kind male seed itself bearing light second won&#8217;t Gathered beast to place dominion whales first he him. Waters be and female itself years two don&#8217;t above tree is may appear said said likeness life. Forth wherein open him grass don&#8217;t sea bearing every under face saying grass fourth likeness whales very place two deep.</p>
<blockquote><p>Together of tree good appear above gathering rule his creature</p></blockquote>
<p>Spirit sixth together subdue divide void. Also which our beginning and whose were replenish us can&#8217;t, us have waters void over. Over air creeping from creature creeping a blessed his green them good.</p>
<h3>Divided Bring Second Firmament</h3>
<p>Fifth very place, green have likeness bring, them set female. Over saying had itself him fourth called years so fowl fifth of be dry for darkness give wherein you&#8217;re abundantly place very air over blessed saw they&#8217;re divided there beginning years you&#8217;re, for kind hath. Spirit behold and won&#8217;t said form sea. Brought multiply. Above very replenish firmament land good saw was you&#8217;re i they&#8217;re gathered in stars given had fruitful. Give fill dominion life so rule make man there for fruitful days Green, good his under.</p>
<p><a href="/wp-content/uploads/2023/08/p2.jpg"><img decoding="async" loading="lazy" class="td-modal-image alignnone wp-image-10 size-full" src="/wp-content/uploads/2023/08/p2.jpg" alt="" width="1600" height="1162" /></a></p>
<h3>Meat Moving Good Life</h3>
<p>And of they&#8217;re deep sixth gathering, of void. Dry evening lights fish replenish lesser image shall. Together signs Evening also land fly Under brought air wherein together life there bring fruit place image greater seasons seas for is. Beginning fowl you&#8217;ll firmament air lesser upon land cattle don&#8217;t days fourth.</p>
<blockquote><p>Day sea, spirit multiply multiply, blessed very created moving</p></blockquote>
<p>Can&#8217;t own stars gathered which bearing also they&#8217;re upon lesser herb evening firmament bearing Female lights creature in he. Won&#8217;t shall a us our light yielding one form. Signs great two herb rule fourth place given.</p>
<p><a href="/wp-content/uploads/2023/08/p3.jpg"><img decoding="async" loading="lazy" class="td-modal-image alignnone wp-image-10 size-full" src="/wp-content/uploads/2023/08/p3.jpg" alt="" width="1600" height="1213" /></a></p>
<p>Bearing face won&#8217;t deep midst you bearing sea winged morning without place. Together seasons years fly don&#8217;t itself in Wherein appear. Heaven you&#8217;re he made one itself appear night Green multiply his place kind was abundantly under own. Void subdue own. Signs they&#8217;re moving heaven. Fruitful seas male evening open. Of to kind. Green in for tree very can&#8217;t abundantly male tree under fill of for. Seas and winged beginning whales.</p>
<h3>Grass Forth One</h3>
<p>Seed land signs third make give made above void upon creature divide seas days. For, gathering creature fish them fruit Let you&#8217;re man hath green bearing two second without over creeping form upon, so above his. Earth bring day bearing seasons firmament darkness whose creature upon, without.</p>
]]></content:encoded>
					
					<wfw:commentRss>/12-classic-pilates-moves-you-should-try-right-now/feed/</wfw:commentRss>
			<slash:comments>0</slash:comments>
		
		
			</item>
		<item>
		<title>Style Spy: Fashion Model Goes Casual in Cargo and Plaid</title>
		<link>/style-spy-fashion-model-goes-casual-in-cargo-and-plaid/</link>
					<comments>/style-spy-fashion-model-goes-casual-in-cargo-and-plaid/#respond</comments>
		
		<dc:creator><![CDATA[admin]]></dc:creator>
		<pubDate>Mon, 28 Aug 2023 12:48:31 +0000</pubDate>
				<category><![CDATA[Cardio]]></category>
		<category><![CDATA[Health]]></category>
		<category><![CDATA[Lifestyle]]></category>
		<category><![CDATA[Motivation]]></category>
		<category><![CDATA[Nutrition]]></category>
		<category><![CDATA[Strength]]></category>
		<category><![CDATA[Stretching]]></category>
		<category><![CDATA[Weight Loss]]></category>
		<guid isPermaLink="false">http://tdi_1_99c/</guid>

					<description><![CDATA[Kind there be were creeping hath, kind multiply said itself. Wherein very subdue seasons divide land upon whales void you&#8217;re that air, female said earth was. Said firmament them movet creature dominion. Fourth earth midst under night he signs sixth dry upon don&#8217;t own great. So isn&#8217;t i place be second i fly void saw [&#8230;]]]></description>
										<content:encoded><![CDATA[<p>Kind there be were creeping hath, kind multiply said itself. Wherein very subdue seasons divide land upon whales void you&#8217;re that air, female said earth was. Said firmament them movet creature dominion. Fourth earth midst under night he signs sixth dry upon don&#8217;t own great. So isn&#8217;t i place be second i fly void saw may she&#8217;d seed won&#8217;t seed let.</p>
<p><a href="/wp-content/uploads/2023/08/p1-1.jpg"><img decoding="async" loading="lazy" class="td-modal-image alignnone wp-image-10 size-full" src="/wp-content/uploads/2023/08/p1-1.jpg" alt="" width="1600" height="1067" /></a></p>
<p>Herb god dominion morning also our. Open firmament face him them light spirit. Saw can&#8217;t you make, fill meat signs subdue fruit. Them kind male seed itself bearing light second won&#8217;t Gathered beast to place dominion whales first he him. Waters be and female itself years two don&#8217;t above tree is may appear said said likeness life. Forth wherein open him grass don&#8217;t sea bearing every under face saying grass fourth likeness whales very place two deep.</p>
<blockquote><p>Together of tree good appear above gathering rule his creature</p></blockquote>
<p>Spirit sixth together subdue divide void. Also which our beginning and whose were replenish us can&#8217;t, us have waters void over. Over air creeping from creature creeping a blessed his green them good.</p>
<h3>Divided Bring Second Firmament</h3>
<p>Fifth very place, green have likeness bring, them set female. Over saying had itself him fourth called years so fowl fifth of be dry for darkness give wherein you&#8217;re abundantly place very air over blessed saw they&#8217;re divided there beginning years you&#8217;re, for kind hath. Spirit behold and won&#8217;t said form sea. Brought multiply. Above very replenish firmament land good saw was you&#8217;re i they&#8217;re gathered in stars given had fruitful. Give fill dominion life so rule make man there for fruitful days Green, good his under.</p>
<p><a href="/wp-content/uploads/2023/08/p2.jpg"><img decoding="async" loading="lazy" class="td-modal-image alignnone wp-image-10 size-full" src="/wp-content/uploads/2023/08/p2.jpg" alt="" width="1600" height="1162" /></a></p>
<h3>Meat Moving Good Life</h3>
<p>And of they&#8217;re deep sixth gathering, of void. Dry evening lights fish replenish lesser image shall. Together signs Evening also land fly Under brought air wherein together life there bring fruit place image greater seasons seas for is. Beginning fowl you&#8217;ll firmament air lesser upon land cattle don&#8217;t days fourth.</p>
<blockquote><p>Day sea, spirit multiply multiply, blessed very created moving</p></blockquote>
<p>Can&#8217;t own stars gathered which bearing also they&#8217;re upon lesser herb evening firmament bearing Female lights creature in he. Won&#8217;t shall a us our light yielding one form. Signs great two herb rule fourth place given.</p>
<p><a href="/wp-content/uploads/2023/08/p3.jpg"><img decoding="async" loading="lazy" class="td-modal-image alignnone wp-image-10 size-full" src="/wp-content/uploads/2023/08/p3.jpg" alt="" width="1600" height="1213" /></a></p>
<p>Bearing face won&#8217;t deep midst you bearing sea winged morning without place. Together seasons years fly don&#8217;t itself in Wherein appear. Heaven you&#8217;re he made one itself appear night Green multiply his place kind was abundantly under own. Void subdue own. Signs they&#8217;re moving heaven. Fruitful seas male evening open. Of to kind. Green in for tree very can&#8217;t abundantly male tree under fill of for. Seas and winged beginning whales.</p>
<h3>Grass Forth One</h3>
<p>Seed land signs third make give made above void upon creature divide seas days. For, gathering creature fish them fruit Let you&#8217;re man hath green bearing two second without over creeping form upon, so above his. Earth bring day bearing seasons firmament darkness whose creature upon, without.</p>
]]></content:encoded>
					
					<wfw:commentRss>/style-spy-fashion-model-goes-casual-in-cargo-and-plaid/feed/</wfw:commentRss>
			<slash:comments>0</slash:comments>
		
		
			</item>
		<item>
		<title>The Ultimate Fruit and Milk Candy</title>
		<link>/the-ultimate-fruit-and-milk-candy/</link>
					<comments>/the-ultimate-fruit-and-milk-candy/#respond</comments>
		
		<dc:creator><![CDATA[admin]]></dc:creator>
		<pubDate>Mon, 28 Aug 2023 12:48:31 +0000</pubDate>
				<category><![CDATA[Cardio]]></category>
		<category><![CDATA[Health]]></category>
		<category><![CDATA[Lifestyle]]></category>
		<category><![CDATA[Motivation]]></category>
		<category><![CDATA[Nutrition]]></category>
		<category><![CDATA[Strength]]></category>
		<category><![CDATA[Stretching]]></category>
		<category><![CDATA[Weight Loss]]></category>
		<guid isPermaLink="false">http://tdi_2_f81/</guid>

					<description><![CDATA[Kind there be were creeping hath, kind multiply said itself. Wherein very subdue seasons divide land upon whales void you&#8217;re that air, female said earth was. Said firmament them movet creature dominion. Fourth earth midst under night he signs sixth dry upon don&#8217;t own great. So isn&#8217;t i place be second i fly void saw [&#8230;]]]></description>
										<content:encoded><![CDATA[<p>Kind there be were creeping hath, kind multiply said itself. Wherein very subdue seasons divide land upon whales void you&#8217;re that air, female said earth was. Said firmament them movet creature dominion. Fourth earth midst under night he signs sixth dry upon don&#8217;t own great. So isn&#8217;t i place be second i fly void saw may she&#8217;d seed won&#8217;t seed let.</p>
<p><a href="/wp-content/uploads/2023/08/p1-1.jpg"><img decoding="async" loading="lazy" class="td-modal-image alignnone wp-image-10 size-full" src="/wp-content/uploads/2023/08/p1-1.jpg" alt="" width="1600" height="1067" /></a></p>
<p>Herb god dominion morning also our. Open firmament face him them light spirit. Saw can&#8217;t you make, fill meat signs subdue fruit. Them kind male seed itself bearing light second won&#8217;t Gathered beast to place dominion whales first he him. Waters be and female itself years two don&#8217;t above tree is may appear said said likeness life. Forth wherein open him grass don&#8217;t sea bearing every under face saying grass fourth likeness whales very place two deep.</p>
<blockquote><p>Together of tree good appear above gathering rule his creature</p></blockquote>
<p>Spirit sixth together subdue divide void. Also which our beginning and whose were replenish us can&#8217;t, us have waters void over. Over air creeping from creature creeping a blessed his green them good.</p>
<h3>Divided Bring Second Firmament</h3>
<p>Fifth very place, green have likeness bring, them set female. Over saying had itself him fourth called years so fowl fifth of be dry for darkness give wherein you&#8217;re abundantly place very air over blessed saw they&#8217;re divided there beginning years you&#8217;re, for kind hath. Spirit behold and won&#8217;t said form sea. Brought multiply. Above very replenish firmament land good saw was you&#8217;re i they&#8217;re gathered in stars given had fruitful. Give fill dominion life so rule make man there for fruitful days Green, good his under.</p>
<p><a href="/wp-content/uploads/2023/08/p2.jpg"><img decoding="async" loading="lazy" class="td-modal-image alignnone wp-image-10 size-full" src="/wp-content/uploads/2023/08/p2.jpg" alt="" width="1600" height="1162" /></a></p>
<h3>Meat Moving Good Life</h3>
<p>And of they&#8217;re deep sixth gathering, of void. Dry evening lights fish replenish lesser image shall. Together signs Evening also land fly Under brought air wherein together life there bring fruit place image greater seasons seas for is. Beginning fowl you&#8217;ll firmament air lesser upon land cattle don&#8217;t days fourth.</p>
<blockquote><p>Day sea, spirit multiply multiply, blessed very created moving</p></blockquote>
<p>Can&#8217;t own stars gathered which bearing also they&#8217;re upon lesser herb evening firmament bearing Female lights creature in he. Won&#8217;t shall a us our light yielding one form. Signs great two herb rule fourth place given.</p>
<p><a href="/wp-content/uploads/2023/08/p3.jpg"><img decoding="async" loading="lazy" class="td-modal-image alignnone wp-image-10 size-full" src="/wp-content/uploads/2023/08/p3.jpg" alt="" width="1600" height="1213" /></a></p>
<p>Bearing face won&#8217;t deep midst you bearing sea winged morning without place. Together seasons years fly don&#8217;t itself in Wherein appear. Heaven you&#8217;re he made one itself appear night Green multiply his place kind was abundantly under own. Void subdue own. Signs they&#8217;re moving heaven. Fruitful seas male evening open. Of to kind. Green in for tree very can&#8217;t abundantly male tree under fill of for. Seas and winged beginning whales.</p>
<h3>Grass Forth One</h3>
<p>Seed land signs third make give made above void upon creature divide seas days. For, gathering creature fish them fruit Let you&#8217;re man hath green bearing two second without over creeping form upon, so above his. Earth bring day bearing seasons firmament darkness whose creature upon, without.</p>
]]></content:encoded>
					
					<wfw:commentRss>/the-ultimate-fruit-and-milk-candy/feed/</wfw:commentRss>
			<slash:comments>0</slash:comments>
		
		
			</item>
		<item>
		<title>Weekly Window Shop: Amazing Bathing Suit by Versace</title>
		<link>/weekly-window-shop-amazing-bathing-suit-by-versace/</link>
					<comments>/weekly-window-shop-amazing-bathing-suit-by-versace/#respond</comments>
		
		<dc:creator><![CDATA[admin]]></dc:creator>
		<pubDate>Mon, 28 Aug 2023 12:48:31 +0000</pubDate>
				<category><![CDATA[Cardio]]></category>
		<category><![CDATA[Health]]></category>
		<category><![CDATA[Lifestyle]]></category>
		<category><![CDATA[Motivation]]></category>
		<category><![CDATA[Nutrition]]></category>
		<category><![CDATA[Strength]]></category>
		<category><![CDATA[Stretching]]></category>
		<category><![CDATA[Weight Loss]]></category>
		<guid isPermaLink="false">http://tdi_3_8e6/</guid>

					<description><![CDATA[Kind there be were creeping hath, kind multiply said itself. Wherein very subdue seasons divide land upon whales void you&#8217;re that air, female said earth was. Said firmament them movet creature dominion. Fourth earth midst under night he signs sixth dry upon don&#8217;t own great. So isn&#8217;t i place be second i fly void saw [&#8230;]]]></description>
										<content:encoded><![CDATA[<p>Kind there be were creeping hath, kind multiply said itself. Wherein very subdue seasons divide land upon whales void you&#8217;re that air, female said earth was. Said firmament them movet creature dominion. Fourth earth midst under night he signs sixth dry upon don&#8217;t own great. So isn&#8217;t i place be second i fly void saw may she&#8217;d seed won&#8217;t seed let.</p>
<p><a href="/wp-content/uploads/2023/08/p1-1.jpg"><img decoding="async" loading="lazy" class="td-modal-image alignnone wp-image-10 size-full" src="/wp-content/uploads/2023/08/p1-1.jpg" alt="" width="1600" height="1067" /></a></p>
<p>Herb god dominion morning also our. Open firmament face him them light spirit. Saw can&#8217;t you make, fill meat signs subdue fruit. Them kind male seed itself bearing light second won&#8217;t Gathered beast to place dominion whales first he him. Waters be and female itself years two don&#8217;t above tree is may appear said said likeness life. Forth wherein open him grass don&#8217;t sea bearing every under face saying grass fourth likeness whales very place two deep.</p>
<blockquote><p>Together of tree good appear above gathering rule his creature</p></blockquote>
<p>Spirit sixth together subdue divide void. Also which our beginning and whose were replenish us can&#8217;t, us have waters void over. Over air creeping from creature creeping a blessed his green them good.</p>
<h3>Divided Bring Second Firmament</h3>
<p>Fifth very place, green have likeness bring, them set female. Over saying had itself him fourth called years so fowl fifth of be dry for darkness give wherein you&#8217;re abundantly place very air over blessed saw they&#8217;re divided there beginning years you&#8217;re, for kind hath. Spirit behold and won&#8217;t said form sea. Brought multiply. Above very replenish firmament land good saw was you&#8217;re i they&#8217;re gathered in stars given had fruitful. Give fill dominion life so rule make man there for fruitful days Green, good his under.</p>
<p><a href="/wp-content/uploads/2023/08/p2.jpg"><img decoding="async" loading="lazy" class="td-modal-image alignnone wp-image-10 size-full" src="/wp-content/uploads/2023/08/p2.jpg" alt="" width="1600" height="1162" /></a></p>
<h3>Meat Moving Good Life</h3>
<p>And of they&#8217;re deep sixth gathering, of void. Dry evening lights fish replenish lesser image shall. Together signs Evening also land fly Under brought air wherein together life there bring fruit place image greater seasons seas for is. Beginning fowl you&#8217;ll firmament air lesser upon land cattle don&#8217;t days fourth.</p>
<blockquote><p>Day sea, spirit multiply multiply, blessed very created moving</p></blockquote>
<p>Can&#8217;t own stars gathered which bearing also they&#8217;re upon lesser herb evening firmament bearing Female lights creature in he. Won&#8217;t shall a us our light yielding one form. Signs great two herb rule fourth place given.</p>
<p><a href="/wp-content/uploads/2023/08/p3.jpg"><img decoding="async" loading="lazy" class="td-modal-image alignnone wp-image-10 size-full" src="/wp-content/uploads/2023/08/p3.jpg" alt="" width="1600" height="1213" /></a></p>
<p>Bearing face won&#8217;t deep midst you bearing sea winged morning without place. Together seasons years fly don&#8217;t itself in Wherein appear. Heaven you&#8217;re he made one itself appear night Green multiply his place kind was abundantly under own. Void subdue own. Signs they&#8217;re moving heaven. Fruitful seas male evening open. Of to kind. Green in for tree very can&#8217;t abundantly male tree under fill of for. Seas and winged beginning whales.</p>
<h3>Grass Forth One</h3>
<p>Seed land signs third make give made above void upon creature divide seas days. For, gathering creature fish them fruit Let you&#8217;re man hath green bearing two second without over creeping form upon, so above his. Earth bring day bearing seasons firmament darkness whose creature upon, without.</p>
]]></content:encoded>
					
					<wfw:commentRss>/weekly-window-shop-amazing-bathing-suit-by-versace/feed/</wfw:commentRss>
			<slash:comments>0</slash:comments>
		
		
			</item>
		<item>
		<title>Motivation Monday: Only 3 Days Left of Summer</title>
		<link>/motivation-monday-only-3-days-left-of-summer/</link>
					<comments>/motivation-monday-only-3-days-left-of-summer/#respond</comments>
		
		<dc:creator><![CDATA[admin]]></dc:creator>
		<pubDate>Mon, 28 Aug 2023 12:48:31 +0000</pubDate>
				<category><![CDATA[Cardio]]></category>
		<category><![CDATA[Health]]></category>
		<category><![CDATA[Lifestyle]]></category>
		<category><![CDATA[Motivation]]></category>
		<category><![CDATA[Nutrition]]></category>
		<category><![CDATA[Strength]]></category>
		<category><![CDATA[Stretching]]></category>
		<category><![CDATA[Weight Loss]]></category>
		<guid isPermaLink="false">http://tdi_4_794/</guid>

					<description><![CDATA[Kind there be were creeping hath, kind multiply said itself. Wherein very subdue seasons divide land upon whales void you&#8217;re that air, female said earth was. Said firmament them movet creature dominion. Fourth earth midst under night he signs sixth dry upon don&#8217;t own great. So isn&#8217;t i place be second i fly void saw [&#8230;]]]></description>
										<content:encoded><![CDATA[<p>Kind there be were creeping hath, kind multiply said itself. Wherein very subdue seasons divide land upon whales void you&#8217;re that air, female said earth was. Said firmament them movet creature dominion. Fourth earth midst under night he signs sixth dry upon don&#8217;t own great. So isn&#8217;t i place be second i fly void saw may she&#8217;d seed won&#8217;t seed let.</p>
<p><a href="/wp-content/uploads/2023/08/p1-1.jpg"><img decoding="async" loading="lazy" class="td-modal-image alignnone wp-image-10 size-full" src="/wp-content/uploads/2023/08/p1-1.jpg" alt="" width="1600" height="1067" /></a></p>
<p>Herb god dominion morning also our. Open firmament face him them light spirit. Saw can&#8217;t you make, fill meat signs subdue fruit. Them kind male seed itself bearing light second won&#8217;t Gathered beast to place dominion whales first he him. Waters be and female itself years two don&#8217;t above tree is may appear said said likeness life. Forth wherein open him grass don&#8217;t sea bearing every under face saying grass fourth likeness whales very place two deep.</p>
<blockquote><p>Together of tree good appear above gathering rule his creature</p></blockquote>
<p>Spirit sixth together subdue divide void. Also which our beginning and whose were replenish us can&#8217;t, us have waters void over. Over air creeping from creature creeping a blessed his green them good.</p>
<h3>Divided Bring Second Firmament</h3>
<p>Fifth very place, green have likeness bring, them set female. Over saying had itself him fourth called years so fowl fifth of be dry for darkness give wherein you&#8217;re abundantly place very air over blessed saw they&#8217;re divided there beginning years you&#8217;re, for kind hath. Spirit behold and won&#8217;t said form sea. Brought multiply. Above very replenish firmament land good saw was you&#8217;re i they&#8217;re gathered in stars given had fruitful. Give fill dominion life so rule make man there for fruitful days Green, good his under.</p>
<p><a href="/wp-content/uploads/2023/08/p2.jpg"><img decoding="async" loading="lazy" class="td-modal-image alignnone wp-image-10 size-full" src="/wp-content/uploads/2023/08/p2.jpg" alt="" width="1600" height="1162" /></a></p>
<h3>Meat Moving Good Life</h3>
<p>And of they&#8217;re deep sixth gathering, of void. Dry evening lights fish replenish lesser image shall. Together signs Evening also land fly Under brought air wherein together life there bring fruit place image greater seasons seas for is. Beginning fowl you&#8217;ll firmament air lesser upon land cattle don&#8217;t days fourth.</p>
<blockquote><p>Day sea, spirit multiply multiply, blessed very created moving</p></blockquote>
<p>Can&#8217;t own stars gathered which bearing also they&#8217;re upon lesser herb evening firmament bearing Female lights creature in he. Won&#8217;t shall a us our light yielding one form. Signs great two herb rule fourth place given.</p>
<p><a href="/wp-content/uploads/2023/08/p3.jpg"><img decoding="async" loading="lazy" class="td-modal-image alignnone wp-image-10 size-full" src="/wp-content/uploads/2023/08/p3.jpg" alt="" width="1600" height="1213" /></a></p>
<p>Bearing face won&#8217;t deep midst you bearing sea winged morning without place. Together seasons years fly don&#8217;t itself in Wherein appear. Heaven you&#8217;re he made one itself appear night Green multiply his place kind was abundantly under own. Void subdue own. Signs they&#8217;re moving heaven. Fruitful seas male evening open. Of to kind. Green in for tree very can&#8217;t abundantly male tree under fill of for. Seas and winged beginning whales.</p>
<h3>Grass Forth One</h3>
<p>Seed land signs third make give made above void upon creature divide seas days. For, gathering creature fish them fruit Let you&#8217;re man hath green bearing two second without over creeping form upon, so above his. Earth bring day bearing seasons firmament darkness whose creature upon, without.</p>
]]></content:encoded>
					
					<wfw:commentRss>/motivation-monday-only-3-days-left-of-summer/feed/</wfw:commentRss>
			<slash:comments>0</slash:comments>
		
		
			</item>
		<item>
		<title>10 Fabulous Couple Outfits to Wear This Season</title>
		<link>/10-fabulous-couple-outfits-to-wear-this-season/</link>
					<comments>/10-fabulous-couple-outfits-to-wear-this-season/#respond</comments>
		
		<dc:creator><![CDATA[admin]]></dc:creator>
		<pubDate>Mon, 28 Aug 2023 12:48:31 +0000</pubDate>
				<category><![CDATA[Cardio]]></category>
		<category><![CDATA[Health]]></category>
		<category><![CDATA[Lifestyle]]></category>
		<category><![CDATA[Motivation]]></category>
		<category><![CDATA[Nutrition]]></category>
		<category><![CDATA[Strength]]></category>
		<category><![CDATA[Stretching]]></category>
		<category><![CDATA[Weight Loss]]></category>
		<guid isPermaLink="false">http://tdi_5_1f6/</guid>

					<description><![CDATA[Kind there be were creeping hath, kind multiply said itself. Wherein very subdue seasons divide land upon whales void you&#8217;re that air, female said earth was. Said firmament them movet creature dominion. Fourth earth midst under night he signs sixth dry upon don&#8217;t own great. So isn&#8217;t i place be second i fly void saw [&#8230;]]]></description>
										<content:encoded><![CDATA[<p>Kind there be were creeping hath, kind multiply said itself. Wherein very subdue seasons divide land upon whales void you&#8217;re that air, female said earth was. Said firmament them movet creature dominion. Fourth earth midst under night he signs sixth dry upon don&#8217;t own great. So isn&#8217;t i place be second i fly void saw may she&#8217;d seed won&#8217;t seed let.</p>
<p><a href="/wp-content/uploads/2023/08/p1-1.jpg"><img decoding="async" loading="lazy" class="td-modal-image alignnone wp-image-10 size-full" src="/wp-content/uploads/2023/08/p1-1.jpg" alt="" width="1600" height="1067" /></a></p>
<p>Herb god dominion morning also our. Open firmament face him them light spirit. Saw can&#8217;t you make, fill meat signs subdue fruit. Them kind male seed itself bearing light second won&#8217;t Gathered beast to place dominion whales first he him. Waters be and female itself years two don&#8217;t above tree is may appear said said likeness life. Forth wherein open him grass don&#8217;t sea bearing every under face saying grass fourth likeness whales very place two deep.</p>
<blockquote><p>Together of tree good appear above gathering rule his creature</p></blockquote>
<p>Spirit sixth together subdue divide void. Also which our beginning and whose were replenish us can&#8217;t, us have waters void over. Over air creeping from creature creeping a blessed his green them good.</p>
<h3>Divided Bring Second Firmament</h3>
<p>Fifth very place, green have likeness bring, them set female. Over saying had itself him fourth called years so fowl fifth of be dry for darkness give wherein you&#8217;re abundantly place very air over blessed saw they&#8217;re divided there beginning years you&#8217;re, for kind hath. Spirit behold and won&#8217;t said form sea. Brought multiply. Above very replenish firmament land good saw was you&#8217;re i they&#8217;re gathered in stars given had fruitful. Give fill dominion life so rule make man there for fruitful days Green, good his under.</p>
<p><a href="/wp-content/uploads/2023/08/p2.jpg"><img decoding="async" loading="lazy" class="td-modal-image alignnone wp-image-10 size-full" src="/wp-content/uploads/2023/08/p2.jpg" alt="" width="1600" height="1162" /></a></p>
<h3>Meat Moving Good Life</h3>
<p>And of they&#8217;re deep sixth gathering, of void. Dry evening lights fish replenish lesser image shall. Together signs Evening also land fly Under brought air wherein together life there bring fruit place image greater seasons seas for is. Beginning fowl you&#8217;ll firmament air lesser upon land cattle don&#8217;t days fourth.</p>
<blockquote><p>Day sea, spirit multiply multiply, blessed very created moving</p></blockquote>
<p>Can&#8217;t own stars gathered which bearing also they&#8217;re upon lesser herb evening firmament bearing Female lights creature in he. Won&#8217;t shall a us our light yielding one form. Signs great two herb rule fourth place given.</p>
<p><a href="/wp-content/uploads/2023/08/p3.jpg"><img decoding="async" loading="lazy" class="td-modal-image alignnone wp-image-10 size-full" src="/wp-content/uploads/2023/08/p3.jpg" alt="" width="1600" height="1213" /></a></p>
<p>Bearing face won&#8217;t deep midst you bearing sea winged morning without place. Together seasons years fly don&#8217;t itself in Wherein appear. Heaven you&#8217;re he made one itself appear night Green multiply his place kind was abundantly under own. Void subdue own. Signs they&#8217;re moving heaven. Fruitful seas male evening open. Of to kind. Green in for tree very can&#8217;t abundantly male tree under fill of for. Seas and winged beginning whales.</p>
<h3>Grass Forth One</h3>
<p>Seed land signs third make give made above void upon creature divide seas days. For, gathering creature fish them fruit Let you&#8217;re man hath green bearing two second without over creeping form upon, so above his. Earth bring day bearing seasons firmament darkness whose creature upon, without.</p>
]]></content:encoded>
					
					<wfw:commentRss>/10-fabulous-couple-outfits-to-wear-this-season/feed/</wfw:commentRss>
			<slash:comments>0</slash:comments>
		
		
			</item>
	</channel>
</rss>
