<?xml version="1.0" encoding="UTF-8"?><rss version="2.0"
	xmlns:content="http://purl.org/rss/1.0/modules/content/"
	xmlns:dc="http://purl.org/dc/elements/1.1/"
	xmlns:atom="http://www.w3.org/2005/Atom"
	xmlns:sy="http://purl.org/rss/1.0/modules/syndication/"
	
	>
<channel>
	<title>
	Comments on: How Physical Exercises Make your Brain Work Better	</title>
	<atom:link href="/how-physical-exercises-make-your-brain-work-better/feed/" rel="self" type="application/rss+xml" />
	<link>/how-physical-exercises-make-your-brain-work-better/</link>
	<description>Reward Your Self.</description>
	<lastBuildDate>Mon, 28 Aug 2023 12:48:31 +0000</lastBuildDate>
	<sy:updatePeriod>
	hourly	</sy:updatePeriod>
	<sy:updateFrequency>
	1	</sy:updateFrequency>
	<generator>https://wordpress.org/?v=6.3</generator>
</channel>
</rss>
